,log_ret,volatility
0,,
1,0.00927775671997492,
2,-0.046740769853554784,
3,0.00667235416828895,
4,-0.021995466654620977,
5,-0.011151421602434963,
6,0.05620375064752425,
7,-0.024450620591933522,
8,-0.0072158338508064345,
9,0.010804350080733357,
10,-0.006578913711968118,
11,0.0008665624405959034,
12,-0.019079610960931172,
13,-0.007937199006663221,
14,-0.040069712529212986,
15,-0.006250938534798689,
16,0.010766939315474906,
17,-0.00018862552227308816,
18,-0.003359443732508316,
19,0.031039933704757806,
20,-0.009896747040577416,
21,-0.006735512110205266,
22,0.022547941934626285,
23,0.02448643823210371,
24,-0.013701029763807162,
25,-0.02682437130011867,
26,-0.0015253169787767037,
27,-0.022445662439592333,
28,0.02703515475432542,
29,0.00305481484036496,
30,-0.010929501624588705,
31,0.03017002294701725,
32,0.0065648983891309865,
33,-0.002376771894505899,
34,-0.00010003459186697382,
35,-0.023205779242384116,
36,-0.004739369442092583,
37,-0.008675072097485794,
38,-0.014522524335339982,
39,-0.00510671718937138,
40,-0.0012701397001341234,
41,-0.03847872424025988,
42,-0.020707813283904693,
43,-0.012346940973786193,
44,-0.006712104084202056,
45,-0.0011000719314707783,
46,0.03188909066666365,
47,0.014028246079899252,
48,0.023657778401840777,
49,0.017682718748459187,
50,0.027710745801111433,
51,0.004364967729485453,
52,0.005439632958442361,
53,-0.07219767615202989,
54,0.014193530306684674,
55,0.0325212882639831,
56,-0.008528992973341863,
57,0.015192929601975545,
58,0.010770731555428854,
59,-0.002226646165545612,
60,0.0074572458020932125,
61,-0.016950610550361147,
62,0.0013204737015880229,
63,-0.00028868008160049305,
64,0.011402162677875187,
65,-0.0011833548643221381,
66,0.033110456072918605,
67,0.0035094436008246254,
68,-0.015630300545557817,
69,0.010203250391037545,
70,-0.00325056123231737,
71,-0.024050566218851533,
72,0.0005488959888476648,
73,-0.011570491560163758,
74,-0.001563903606978667,
75,0.010101406420821872,
76,-0.0172107837419485,
77,-0.029851069202294647,
78,-0.0127959783107281,
79,0.004427186359193168,
80,-0.027703648894881038,
81,0.0071301668731978286,
82,-0.008038905196559176,
83,0.017256765035736553,
84,-0.01347219410281485,
85,-0.005915548217402208,
86,0.02265162838786766,
87,0.006172120716691443,
88,0.015255045227398439,
89,-0.012624586574840854,
90,0.013219726263472271,
91,0.011829982748499857,
92,-8.401669701041217e-05,
93,0.012792213356045891,
94,-0.0038225890843963757,
95,0.00043703838037005457,
96,0.0008734415741130938,
97,0.0187194769032099,
98,0.036320985268072765,
99,0.01013962805775395,
100,0.004934641856019218,
101,-0.004895685937650256,
102,0.02653964764988008,
103,0.005899589300826148,
104,-0.006127224619247418,
105,0.000985927757172917,
106,-0.0036070527722287943,
107,-0.00032339210834947667,
108,-0.006240700836529779,
109,0.0299480756118741,
110,-0.007234861239450337,
111,-0.008155177950753255,
112,0.011890982027841038,
113,0.004631770917604854,
114,0.004721204071825147,
115,0.0035217961710213457,
116,-0.004371766014778747,
117,0.10605353032735666,
118,0.02667568323513986,
119,-0.016123808364824913,
120,0.0002467063715600433,
121,0.006573903841090986,
122,0.0008820479760326081,
123,0.006460341336742053,
124,0.0034005473759303696,
125,-0.0034491420216673317,
126,0.0034168547511645754,
127,-0.007920383119695616,
128,0.002116092003114343,
129,0.0009751644142983806,
130,0.00741230598016378,
131,0.006573274863714257,
132,0.0012966274245002289,
133,0.0027000487159976397,
134,-0.00311608667611085,
135,-0.003109699377589104,
136,-0.009176981696210798,
137,-0.02277889199216563,
138,-0.013047057024816604,
139,-0.019929583563608886,
140,-0.0002912896871920442,
141,0.022049700900386625,
142,-0.009651419565087966,
143,0.0006597794878970105,
144,-0.013983826283687018,
145,0.020306655050781063,
146,-0.008388405100063,
147,-0.013463098322951169,
148,-0.046412924874406555,
149,0.015428036970710516,
150,0.0131496883102081,
151,0.0020614678682146005,
152,0.009310763229559238,
153,0.015066743777538872,
154,0.005774125502306874,
155,0.00162431914678792,
156,0.0011996001736142093,
157,0.004061243598025038,
158,0.00048762624007596416,
159,-0.007779228819748285,
160,0.002385749457071282,
161,-0.001539123353958004,
162,0.007184666281100737,
163,0.013371061124687575,
164,0.0040047462439282405,
165,-0.00208315262684473,
166,-0.0030664221382163607,
167,-0.0057604464136925175,
168,0.0034669568445608256,
169,-0.003567105407396445,
170,-0.008199076111575224,
171,0.017324700142838618,
172,-0.0036967516486134827,
173,0.011476487453488896,
174,0.007247051728969673,
175,0.0047807214127371265,
176,-0.0036241170896483127,
177,0.0029263008847493954,
178,0.0013951458018852247,
179,-0.00029182875452710583,
180,0.012072330278466685,
181,0.02445104488639521,
182,-0.012396156909033567,
183,-0.007914039359841779,
184,-0.024125189598201414,
185,-0.001226570609715297,
186,0.014346372709075753,
187,-0.005516002888679596,
188,0.0004703273930206593,
189,-0.025950362456768,
190,-0.0010487810572073857,
191,0.017632977461317506,
192,0.0015698669973264392,
193,-0.0030275333904415873,
194,0.0013594058114968764,
195,0.005402950481154706,
196,0.00663599185490871,
197,-0.0030448430948078822,
198,-9.728935092523417e-05,
199,0.012990341751470917,
200,0.005827636271128159,
201,-0.0063882433213607905,
202,0.00011209059674715857,
203,0.0016647180478969155,
204,0.007679234104570459,
205,-0.03204359562055347,
206,0.0018173589520346961,
207,-0.0040978922808718185,
208,0.0020018873884926074,
209,0.005492757351928887,
210,-0.020821788828006716,
211,4.996561961755247e-05,
212,0.014491918477260507,
213,-0.01477493068439594,
214,-0.015030263415603854,
215,0.001097914870006583,
216,-0.000912067547607969,
217,-0.019572862190984506,
218,-0.006205681257872169,
219,-0.011720685740520294,
220,-0.0007547045736708968,
221,-0.022119341785863715,
222,0.007617628650564742,
223,-0.0005345740817802109,
224,0.02714756343574946,
225,0.0014212893759984661,
226,0.008348677036610174,
227,0.008092093050031392,
228,-0.01225766710131074,
229,-0.007583801963628249,
230,0.011010454322545297,
231,0.00018901940253882493,
232,0.008420458319596648,
233,0.00855286315730524,
234,-0.00698615617072131,
235,-0.03214396906075586,
236,0.008904326565609834,
237,0.010085082964803229,
238,-0.0031774584962917093,
239,-0.0013673348388519454,
240,-0.011777316398742606,
241,0.009887754646046172,
242,0.0038620839307541097,
243,-0.08625883850545421,
244,-0.0073000993915302795,
245,-0.010130080939643736,
246,0.008020992904802578,
247,-0.0011990075685164542,
248,-9.520673404701935e-05,
249,0.014690123676957118,
250,0.009228739924677029,
251,0.00039034333263493476,
252,0.011330270329127536,0.2737740330915638
253,-0.010234093908831236,0.27381524300020615
254,-0.008709136308846559,0.26990231564146344
255,0.0035525413559095113,0.2698453445127172
256,-0.0028410016815593893,0.26894204308280756
257,0.001926065017971417,0.2687021223158229
258,0.004436215505120907,0.2628161026330798
259,0.009219312005021135,0.2618105932697408
260,-0.013375398559901077,0.26205936723612505
261,-0.0007472987973267638,0.26184587077108423
262,-0.010332668515530715,0.26197007724720056
263,-0.02124186974224139,0.2628423800544987
264,0.02295886196463685,0.26312731222322167
265,-0.0012261242847361846,0.2630032800863273
266,0.002714286217956655,0.25987552709509876
267,-0.013683815073579818,0.2601739025684437
268,-0.010820997368243143,0.2602071173342975
269,-0.0002508106946529328,0.2602072489311537
270,0.0027169271119659904,0.26019172921149186
271,-0.0029678046029085817,0.2583810025504152
272,0.005331885183482085,0.258231224542687
273,0.015468119489132941,0.25858009420555994
274,-0.006485765846544717,0.25770809211032614
275,0.004669431812250031,0.25659657930571533
276,-0.009475426065482071,0.2564019212846886
277,-0.003869204494789127,0.25499752892078514
278,-0.003903595352278147,0.25502552592742433
279,0.0002696759001291572,0.2540036713359322
280,-0.00471080597078458,0.25263676066990853
281,-0.014071048461349937,0.2530250222425436
282,-0.009425838244739675,0.2529632756250944
283,0.007185889484318922,0.2512653728956377
284,-0.01071874668186009,0.2514120486678379
285,-0.005142949498423666,0.25145366419122916
286,-0.03115772788610153,0.2533770065663437
287,-0.0009075889176660978,0.2523162996495328
288,0.017226687705205374,0.2528604642573312
289,-0.012224558503670591,0.2530083646999772
290,-0.014040332157172755,0.25298095717404423
291,-0.01118214733024996,0.25317798614860243
292,0.016540317670813397,0.2537128736903648
293,0.0222242681335611,0.2517023155350625
294,0.007909490840007546,0.25092651961696905
295,0.017551123051689804,0.25117751414869977
296,0.028520271038243415,0.2526199522205183
297,0.021662555155263705,0.25348098682488274
298,0.005469244029496092,0.2515967593992332
299,0.02077780207478178,0.2520462094291212
300,-0.027092539722624084,0.25251698594007266
301,-0.008892918895477116,0.25210088900998423
302,0.012682783037282465,0.25091194053415133
303,0.007927150518445041,0.2509944718762101
304,-0.0174667512583877,0.2515737998053488
305,0.12208018960175956,0.26974608778054177
306,-0.004494627497536047,0.269478540723438
307,0.012710125898029863,0.26787303527026995
308,-0.012021148901696428,0.2680190288396051
309,0.019362786257844013,0.26827498549733286
310,0.018348290917268112,0.26866186704637196
311,0.001212396842642279,0.2686434127030047
312,0.0057028156521499035,0.26860637838460466
313,-0.024884582060099938,0.2692529882002478
314,0.006107504404018087,0.26930309380042755
315,-0.011937893021777746,0.2696072013722715
316,0.005088958132674463,0.2694334526933455
317,-0.02396773370666463,0.2705666376350692
318,0.014695763754980773,0.2689777076528308
319,-0.04013471713584738,0.27204040136920177
320,0.0026285172542143717,0.27156523486764156
321,-0.05871601251099674,0.2777874945139446
322,0.04894539055619444,0.28198835528738625
323,-0.043484365998037434,0.2843478254845293
324,0.023616554785531232,0.28529104061049143
325,0.002913180954387818,0.28504188573303363
326,-0.011668260755137022,0.2852973855963612
327,-0.03326251237095493,0.2871289147621897
328,-0.010912819393149746,0.2868105626199041
329,-0.054481966902436625,0.29045324842476383
330,-0.028039591263035853,0.29154132887266887
331,0.014660208881662164,0.291868261400253
332,0.040615536148908206,0.29328404471867936
333,0.008578802154370938,0.2933202391448078
334,-0.006230053645442081,0.2932725845402399
335,0.01302917230446374,0.293061410961986
336,0.022929143702814538,0.29357320659671154
337,0.00300061615732127,0.2935070848486158
338,0.0004807516576706817,0.2926806656935592
339,-0.015762436499233937,0.2930861000142511
340,-0.014489470136072106,0.293097474642858
341,-0.005081130992540483,0.2928569845427283
342,0.022439730726589127,0.293404754320717
343,0.0017399358230675884,0.29318705114087046
344,-0.019079506519988777,0.29383719593897045
345,0.009990857339141313,0.29373178720754184
346,-0.0011323778804010003,0.2937055041086223
347,0.004804101602749744,0.2937387297065777
348,0.019523578114014336,0.2943601051379782
349,0.007564942215104111,0.293877032406162
350,-1.826549158674552e-05,0.29166005076289847
351,-7.3182822677114e-05,0.2914925019062189
352,-0.013685536612854253,0.29178652742660655
353,-0.034989433683996214,0.2938560705943502
354,0.00927202289269388,0.2927990210523598
355,0.012067527820512059,0.29298898091950604
356,0.013909468595388686,0.29325253667452267
357,-0.019660285332444735,0.29391528967631
358,-0.0025369984205246042,0.2939040212736089
359,-0.023904375896862597,0.29487549776572397
360,-0.03863680475650707,0.2973243641567535
361,0.012793173168691673,0.2960696777498478
362,0.00556330832966565,0.29604433818072184
363,0.019639452770302046,0.2966012277479253
364,0.0007962070985334533,0.29635769942716433
365,0.041914716539297965,0.29929358518531285
366,0.01112612574808036,0.29946377143674874
367,0.009746589587876543,0.2996016594102809
368,0.01894426457276112,0.3001638639280461
369,0.05683437250648296,0.2864479486087091
370,-0.01579133021965109,0.2856144829331511
371,0.013811919900012796,0.28551114694555413
372,-0.016752313978512543,0.2859951836530476
373,0.005101507801962693,0.28596405108916234
374,0.011616986404768957,0.28620577056041757
375,0.00999238249859319,0.2863093920087641
376,-0.022483467707159647,0.2871575868704635
377,0.005386977542110062,0.28719420891447045
378,0.02086186803009814,0.2879435775071671
379,0.002452479080822542,0.2878486328483156
380,-0.01257581727169783,0.2881104742811444
381,-0.02388930346953403,0.28908452491429854
382,0.010606221090754512,0.28918709539901305
383,0.021450244928970314,0.28992036748111993
384,-0.0022787391901473364,0.2899242061567818
385,0.02024194287613266,0.29062948002398836
386,0.006570133961508925,0.29069058397843023
387,-0.018775856507716147,0.29127606800438377
388,-0.009815889076708354,0.291296664464325
389,0.022054442906179694,0.2912493127454631
390,0.007614549296083352,0.29105050209007854
391,0.005790783834495231,0.2904078322038297
392,-0.008289732747357037,0.29053201329450157
393,-0.017487303564749593,0.2902348088159543
394,-0.010018930769355885,0.29024734738924013
395,-0.02371221534161475,0.2912156503776708
396,-0.0016194369182928733,0.2908848236436003
397,-0.017198705327981026,0.2906712926029276
398,-0.012549672193967928,0.2908191743982101
399,0.043770312447186654,0.293812185010332
400,-0.008982911578311277,0.29023299554651305
401,0.02784540492111855,0.29115172838012415
402,0.023707781262009984,0.29181246046216563
403,0.010679651891855515,0.2919924611048337
404,0.008491184128019478,0.2919682603453644
405,-0.0030094089450499193,0.2916104678085444
406,-0.0006093185613333196,0.2915587079806766
407,-0.011844247682340726,0.2918043238141434
408,0.018288098934152616,0.2923651911285359
409,-0.0032407858039696508,0.2923602881090487
410,0.00038373861632423216,0.2923602040290803
411,-0.012157472215566073,0.2925129134152232
412,0.0023755951195257507,0.29251283680015083
413,0.010309155499830277,0.2926827379533799
414,-0.0066197060570060435,0.2926789274720391
415,0.013640218561399698,0.2926912352189546
416,-0.007244176015181365,0.29275964319987374
417,0.006180771725878317,0.2928135231085178
418,0.005448003132591572,0.29284300893142357
419,0.011167134097601875,0.292986442599647
420,-0.000859355041588584,0.29297091171990736
421,0.004211787426855477,0.2929724917161551
422,0.005433545919569464,0.2928936070955645
423,0.029758680157538363,0.293880096700983
424,0.004303902519437194,0.2938775207819196
425,-0.013968581718865851,0.2940173781021316
426,-0.01373556362600868,0.29426914309621827
427,-0.04332377592785862,0.29743697489005355
428,0.0010918906098939377,0.2974160564809091
429,0.004515224235743075,0.2974356887887811
430,0.005861759545614499,0.29748929751410763
431,-0.0074125687683947,0.29758347111365174
432,0.005727667054903371,0.297393767339103
433,0.006864942712766297,0.2964622821536595
434,0.010467846673357846,0.2963873506507948
435,-0.08749339164422046,0.308951035585912
436,-0.0008024126141678271,0.3080217212471816
437,-0.00786999485700038,0.30811613279600325
438,-0.019889039663716752,0.3083951857093991
439,-0.0024437966891494374,0.3083586841367804
440,0.020696151656591135,0.30907351892446056
441,-0.003956198797592191,0.3080177049894908
442,0.004180325315320537,0.3080468886097057
443,0.001240327087777864,0.30753327811442416
444,0.007341784319623133,0.30762080330622066
445,0.018994342006919,0.3082037165329873
446,0.021171817019857816,0.3089332617042469
447,-0.003816239296069621,0.30890857467173566
448,0.005063290460355991,0.30887840732948696
449,0.002636442679114949,0.3088754461423077
450,-0.009118015711081383,0.30900904021520176
451,0.010327514235102822,0.3089075174044954
452,-0.003993522912175276,0.3088751016856692
453,-0.006911803385898494,0.3088862161160983
454,0.001584062216766833,0.3088908337198031
455,-0.0031044714993469797,0.30890007645655115
456,0.015361630163638243,0.30919053856170936
457,-0.009918708378226232,0.3076837440117054
458,-0.0030147311003230095,0.30769279917917364
459,0.0062335757088384436,0.3077292489632293
460,-0.0009678945835006661,0.30772425075631976
461,0.014792139502240469,0.308031406259831
462,-0.00022640179598556264,0.3073192233251924
463,0.00669009749834651,0.30738956425899827
464,-0.0018493734501922588,0.3070577518809343
465,-0.011331591437125074,0.3069098284514745
466,-0.015239673194004743,0.30692025697746755
467,0.003036909019608109,0.30693278587704953
468,0.0005601820529747844,0.3069314626321297
469,-0.011413149824259448,0.3065145120293863
470,0.008130045803295169,0.3065520564579184
471,0.0206561270904643,0.3069984075447063
472,-0.0029016940479147774,0.3070134570038154
473,0.008309640897078434,0.30628856262626736
474,0.006275226872750439,0.30625988317934855
475,0.014201761098917673,0.306567839568645
476,-0.0007731745379865581,0.30539907076043904
477,0.010192701012187479,0.3055551901650879
478,0.009440022405819481,0.3055856089800615
479,-0.005370019098169035,0.30554250358781976
480,0.010434100933748493,0.3054443176895503
481,-0.0035637882015349624,0.3053646076961235
482,0.013417621280890512,0.30545753523627733
483,-0.011271682110747886,0.30568323928395263
484,-0.011119355510875307,0.3057949212496469
485,0.008818782294662354,0.3058021963734237
486,-0.006669059269630031,0.3057947197371191
487,-0.011692335750787547,0.30429276095861946
488,-0.004465637458763185,0.3042129031426356
489,-0.00234325529465505,0.30406878401197945
490,-0.006329050635911453,0.3041216465241364
491,0.014412374008813596,0.3044429049597722
492,0.02338939182847073,0.3050630385026328
493,-0.04141359513937974,0.3077833949284713
494,-0.030115973662155644,0.30926271717684306
495,0.005758316074842694,0.29688150963516396
496,-0.0034838879820419644,0.29680471957421434
497,-0.013507563188277168,0.29694609187670945
498,-0.005420979253185545,0.29691086289995045
499,0.002580285112384434,0.29691322595496267
500,0.006122478998926311,0.2969655318983779
501,0.013955767346025097,0.2969313019074626
502,0.009386348157245638,0.29693597664398014
503,-0.0007964399322965467,0.29693893118744535
504,-0.016609236297019703,0.29723304419848073
505,-0.0006946720168914663,0.2970427661739805
506,0.004671213078785494,0.2969295294234873
507,0.006172578549148491,0.29696803117053705
508,-0.02326277145358736,0.29790088763807304
509,0.0175675725658843,0.2983894414312113
510,0.008587865211130806,0.2984732628892851
511,-0.005957747985730148,0.29841495572762045
512,0.007376494692203889,0.29817054458505504
513,-0.013832542975515344,0.29851423277374617
514,-0.002034348400490411,0.29832748624966066
515,0.011702755756391604,0.2977329650322378
516,0.028743023647308397,0.2982238210721137
517,-0.009393173239413202,0.2983878959122528
518,-0.037030689864892295,0.30074859944026
519,0.022577982645178123,0.30121907190127223
520,-0.021911992481775087,0.30184589681398744
521,0.014311259386569757,0.30215649390525673
522,-0.009562260947228876,0.30232134553406653
523,-0.020298644909564866,0.3030223124042117
524,0.004739133909276829,0.3030134531177956
525,-0.010333579835586042,0.30283429290018915
526,-0.012608245990171935,0.30303630760535527
527,-0.01715553281625725,0.3035129082574211
528,0.01323985599958752,0.30362762809199256
529,-0.01423863914992885,0.3039509135687526
530,0.01765489192380205,0.30441156346946524
531,-0.004038624962353831,0.304444535197891
532,0.0038319860633318457,0.3044196328719677
533,-0.020802383321777803,0.30481641904797435
534,-0.0059986535666506895,0.3047243634301258
535,-0.007121333489980421,0.3047426367534938
536,-0.003642452315852169,0.3045657279117277
537,0.009719228535847241,0.30465581228961175
538,0.011168413571603055,0.3031796631185215
539,0.018536009761800934,0.30370262407530846
540,-0.006936726339589854,0.3033454160276305
541,-0.021528448203986948,0.30388338430969963
542,0.01103213599381122,0.30370566918987746
543,-0.019043486137276345,0.3041156792275422
544,0.007073214272609896,0.303766486711396
545,0.00814829142333276,0.3030868404306874
546,-0.008803804437446473,0.30314108008540946
547,0.027545082496802036,0.30386934447979247
548,0.0006893199546623268,0.3025680945668274
549,0.012599677458930697,0.30206485133587174
550,0.013668680162750718,0.3023143826625338
551,-0.016820787993343685,0.3021110544028456
552,5.122585400151682e-05,0.300859069649883
553,-0.007382073145757955,0.3008160890794223
554,-0.01823296685311593,0.30113614792392385
555,-0.0012437698953427045,0.301041568628855
556,0.010531938697639949,0.30069086041165155
557,-0.0027790760803424316,0.2747423929747793
558,0.003143285470891119,0.2747273999292451
559,0.0069633763685647745,0.2745179048946396
560,0.02095791438025083,0.2750660400053325
561,0.02950681994529347,0.27596908863539593
562,0.007648874888477718,0.2754628021594796
563,-0.012983780574932897,0.27576480578549756
564,0.0006909807205644288,0.2757049377603699
565,0.008793652254133694,0.27471978185272766
566,0.034609976772256225,0.2768223429749558
567,-0.00419806986430968,0.2765910438972368
568,0.0010590371220144796,0.2765486450067653
569,-0.00045820375884007256,0.2754859379864737
570,-0.006231074684683143,0.2751797257963789
571,0.019810418414927533,0.27288265394313804
572,0.002320602244259339,0.27288032101242005
573,-0.0035531736296988007,0.2663775268623728
574,0.0026348694661746793,0.2619334480553495
575,0.00018685667566968478,0.2581931500388408
576,-0.0005450243405402921,0.2571613125109989
577,0.027666689065208156,0.258579330345555
578,0.013020779380154016,0.25857950692743936
579,-0.001676435703455713,0.2563308887338428
580,0.007952864592355027,0.25615598878421625
581,0.0063258632380210345,0.2500968847475059
582,-0.0023656288139856122,0.2483989515278823
583,-0.008966307357037486,0.24824353027802842
584,0.01139101436521336,0.24528424681448846
585,-0.0005613393205476051,0.24517311560732546
586,0.0027002749965104734,0.2450705745889607
587,-0.013963230875241331,0.24523304089482698
588,0.011927694390799434,0.24448870155078997
589,0.015762845166326502,0.2449311952347467
590,-0.009242994652899489,0.24514306623728718
591,0.004989806170395083,0.2446032038998621
592,-0.005929139336122442,0.24420844036578135
593,-0.0004699519595391828,0.24413604033596767
594,0.027071741959519707,0.24458697071305466
595,0.009604852248394191,0.24473498916381156
596,-0.007647969432064506,0.24405460784895208
597,-0.012319266393673416,0.24426258429178907
598,-0.0018942585021768919,0.24427063334278074
599,0.021705664184604786,0.2451143063531577
600,0.005142354286305779,0.24445138001978514
601,0.00042256326669934543,0.2443650516402449
602,0.011622715587152254,0.24459174108848522
603,0.012754502954161136,0.24486706357263652
604,0.0008518559003534698,0.24441484115553283
605,0.008029540498091731,0.24179303078006162
606,0.020750780581238793,0.24244160871203776
607,-0.00029361851103636426,0.24221098178858455
608,0.005723426009743737,0.24192328977439503
609,0.004026570315404013,0.24101815811661018
610,-0.002647282264082926,0.2410200014996359
611,0.00960251062870471,0.23981136668933892
612,-0.006307731837573553,0.23652842232786642
613,0.007252485881428764,0.2363319081158851
614,0.007252275730060951,0.23636595069767471
615,-0.0005209242547204958,0.23568564323964464
616,-0.012861630735596603,0.23612692556254627
617,-0.0183102248076146,0.2334512801895592
618,0.0006313840678569845,0.23324327701220351
619,0.009251165192983978,0.23322568626180168
620,-0.008995957526140274,0.23277057869113385
621,-0.0050749572663736755,0.22603374019169964
622,0.005007828213591218,0.22544856670781716
623,0.014385076977127837,0.2254820569815641
624,-0.08345467636606194,0.24013757302867303
625,-0.019190204429147366,0.24091924665751757
626,-0.0045866725749493745,0.24072126831319698
627,0.002472340849898342,0.24054258442701357
628,-0.0044930143317015074,0.23948552974532825
629,0.0006788919402841969,0.23943719928054966
630,-0.0038583016894951955,0.23860905758582446
631,0.007598940545770221,0.2387073146196026
632,0.0106588217141932,0.2385604794815816
633,0.0004798662737533969,0.23729125426296893
634,-0.007236244513845633,0.23721318419585158
635,-0.0018172505038406472,0.23630080104394033
636,-0.021649153961125656,0.23732312633158736
637,-0.02248065367348172,0.23759064440223315
638,0.01633098337752079,0.23805027434632106
639,0.004319318276604543,0.2373098514550422
640,-0.010340170925417549,0.23733310513370273
641,-0.00991160996298082,0.23655704092441152
642,-0.008139724256524539,0.23659111561349738
643,-0.00012362223460383646,0.23652511091337194
644,0.031978047583410274,0.23849484793345435
645,0.002630425369226585,0.23783161710465542
646,-0.0061384285855081,0.23769203568330322
647,0.0031488119115401,0.2364655274139017
648,-0.010262551914628286,0.23670312305717311
649,0.014356097148418142,0.23643481221058887
650,0.019138516074610982,0.23678261718985166
651,0.011951678350576611,0.23309042933853436
652,0.009321986779548111,0.23305012583279502
653,-0.004477536371218206,0.23150897706531123
654,-0.006088229709629896,0.23043656090738177
655,-0.004656040377010796,0.23026466368593504
656,0.004800717351959112,0.23016417584375687
657,-0.010063061653519416,0.23037690869351615
658,0.0017669368576321842,0.23037905333232864
659,0.016581395003772065,0.2306187251314303
660,0.0009753470542308143,0.22992602609219026
661,0.007341501013572861,0.23000035534784366
662,-0.0010536463773976267,0.23000534104968867
663,0.0264575855950665,0.23111792553856383
664,0.00040220938352823353,0.2311112151897899
665,-0.0013321650467985847,0.230913426576373
666,0.0031196208489813384,0.2308149359784423
667,-0.009360391621002264,0.23065571901462895
668,-0.008602789885042594,0.2307055316651605
669,-0.0008883105868549227,0.23063900429471723
670,-0.0036462467539799923,0.23062122998652526
671,-0.008931270388894906,0.23055787901532718
672,0.01047336803495081,0.23077641314908096
673,0.022186929758680154,0.23177245854795403
674,0.0005805801200524859,0.2317189246898531
675,0.01956766075840131,0.23064646091702717
676,-0.004372830216099114,0.23066262406263927
677,-0.001975484951100227,0.23022517455559474
678,0.006551519638506855,0.2298660490453166
679,0.004541801850165517,0.2256481291774091
680,-0.0020115163342301324,0.22566397998526763
681,-0.022881730865696833,0.2268566754085574
682,0.0023202121608978297,0.22680142360515232
683,-0.013526920201087915,0.22709941486916452
684,-0.0054258168496772625,0.22711725966109617
685,-0.009619839260643956,0.22725097304274816
686,-0.002330624314185817,0.22704343825634174
687,0.053503255334160026,0.21575889621211244
688,0.016995679399996567,0.21634836912017383
689,-0.0007162939688769945,0.21617195319548907
690,-0.003908532939801117,0.21520765598852445
691,0.003921864309254658,0.2151966665093585
692,0.0001989692111344258,0.2142990921698584
693,0.00246432584020195,0.21424497014334887
694,0.02600574050687457,0.21567045953520642
695,-0.021608850648420226,0.21686816393924382
696,0.008814611918475742,0.2169159794984226
697,0.005768576153388339,0.21622068556000215
698,0.004895983384046175,0.2153080127124353
699,0.014647704444322207,0.2156889621711047
700,-0.003763317364922607,0.21570360183103363
701,-0.0022007082897814254,0.2157207421939375
702,0.0027629042951678767,0.21548999830335033
703,0.006315820574684505,0.21535327163902507
704,0.006414808314731106,0.21536245001062015
705,0.017453314388253118,0.21583674882955187
706,-0.01799579622760963,0.21668264399539905
707,0.0038665256871351006,0.21666022907811835
708,0.005240649570828924,0.21622679716657953
709,-0.011242007729600137,0.2162982217090642
710,-0.0008096958005047925,0.2162679242317005
711,0.012139185491210808,0.21649049477533513
712,0.0017739598965199111,0.21648187390322973
713,0.006208852703638817,0.21610612511514676
714,0.018812465090370094,0.21683046047641072
715,0.020601882547623206,0.21763355027446202
716,-0.008646882615960385,0.21783470715048822
717,0.0014663758892738208,0.21747376482076153
718,-0.0012979364412679046,0.21686123302814694
719,0.0039607609868668224,0.2168707909260613
720,-0.008674140107951664,0.21709744122288974
721,-0.0027829201478956835,0.21676414844072056
722,-0.004578443316837968,0.2167325094827153
723,-0.008851764367504728,0.2160825770237264
724,-0.008026759317509943,0.21623849497222478
725,0.004360461726016693,0.21614189476614426
726,0.004169644986446199,0.21610113954211452
727,-0.004243648361211378,0.21576117502337028
728,-0.0011716540106140134,0.21576479085682662
729,-0.0008272380571149202,0.21557355853614493
730,0.0034277845288033584,0.21541914464782422
731,-0.012086258458152614,0.21572018554245054
732,-0.010608463503386359,0.21581105589159774
733,0.008775417253801284,0.215913336527173
734,0.014682154889695539,0.21599093442226086
735,-0.00844845100589375,0.21585022448275315
736,-0.013901692260375173,0.21602317405291446
737,-0.015233589186487182,0.21647129882266739
738,-0.010527081730157529,0.2166385055785463
739,0.003607019308430087,0.21629680027137022
740,0.015984224516782015,0.21676288582406772
741,0.00026574241415185394,0.21673958250742503
742,-0.0004302772755912136,0.21662243564714573
743,-0.010330992041472874,0.21648803217286813
744,0.014524470332683897,0.2157403721314554
745,-0.013719046524352704,0.2120477639446793
746,-0.0215059334671461,0.21095557241722734
747,0.04338447482823561,0.21513451159461283
748,0.0003000441837867899,0.2150872235615553
749,0.00968908987601503,0.21475689364029496
750,0.006846125296382371,0.21472839021383547
751,-0.005361923411618155,0.21482525110136513
752,-0.009537345911308052,0.21503583204303675
753,0.021772147731717262,0.2156447195673726
754,0.006704716398737796,0.2155588110129782
755,-0.005033408357121262,0.2156390571447059
756,0.011127081657151492,0.2151296696644315
757,0.019232654219490015,0.21587011199419429
758,0.018544741659415675,0.21653031232815725
759,-0.0050268622907543295,0.21657148347740138
760,0.018950739625773483,0.21586910898851788
761,-0.0024640967576735214,0.21530188133329206
762,0.00999034741338476,0.21535324505802542
763,-0.0030720535595831675,0.21527307900223194
764,0.01084654836746701,0.215396945111162
765,0.03193855769588337,0.21699108190484012
766,-0.013210707118410235,0.2174685937194655
767,0.005857539380061503,0.21727442452964724
768,-0.0007151958406432364,0.21556675979496184
769,-0.0017185633898588672,0.21531531060323197
770,-0.01953977747629295,0.2128701998743434
771,-0.007482197700949941,0.21201098637901994
772,-0.010785371489601918,0.2110704365846763
773,0.009062050877689217,0.21081528398604835
774,-0.014815275671698056,0.21115628364834468
775,0.0028176077743117603,0.21002899797613775
776,0.000528168946423645,0.21000670023560966
777,-0.004129176143166517,0.20974666501307693
778,-0.00988005364028206,0.20957955135869075
779,0.0006981855295289734,0.20873822261742941
780,0.005729691999645709,0.20845353905092398
781,0.01730185508957976,0.208434534879551
782,0.011853553997820685,0.20806964825583166
783,-0.011762608889212177,0.20842644692108406
784,-0.008939511289306784,0.20868430412137734
785,0.005740465469612515,0.20750634112908767
786,-0.00223734137243989,0.20739993068022525
787,0.012729492643371245,0.20749883662822058
788,0.01608427552480771,0.2079153169571377
789,6.666096483505823e-05,0.20777451244419204
790,-0.01785623486049936,0.20849418506068046
791,-0.004315655185350196,0.2078972702599695
792,-0.012726350144339047,0.20821766576789716
793,-0.004135978981630241,0.20699876984527016
794,0.00856400917787948,0.20690167691971978
795,0.003906965676168958,0.20586357440469616
796,0.003755445276244755,0.20580457952869055
797,0.008494370735909643,0.20581565173867783
798,-0.006293125596945779,0.20570151153495608
799,0.004658693137821832,0.20408960095946618
800,0.007932975224215918,0.20418272764639023
801,0.012899196045619865,0.20419898234696035
802,0.0001657557177168915,0.2038513801173545
803,0.0008281584289454424,0.2030073163847404
804,0.015606225114765372,0.20347363641772812
805,0.0029947316852852275,0.20326846483505062
806,0.0018293408914413366,0.20226778457931768
807,-0.005508885480223802,0.2023795237141719
808,-0.0011533145661589438,0.2022161135518455
809,-0.008604795534636086,0.20243375870794067
810,-0.015581721551781788,0.20317601998443446
811,0.015603652815830758,0.20358188083058146
812,-0.007605407067471379,0.2028837360202012
813,-0.000996323704830126,0.20096611684355173
814,-0.016977899608417175,0.20172335320232462
815,-0.0026508275733322702,0.20124497796876778
816,-0.0034848966502825803,0.20130502568956912
817,0.009756479249315385,0.20134245661509242
818,-0.0035644417794702156,0.1986370122519132
819,0.018382533773393953,0.1992884920946178
820,0.0025955131690766193,0.1992916250274201
821,-0.0017333155560583055,0.1993078044536743
822,-0.009358549785195465,0.19945283406321848
823,-0.006624832276988245,0.19875472256497206
824,0.002254247109470712,0.19875439262504394
825,-0.0025237858616983457,0.19873180607666915
826,-0.005518223882224953,0.19884432439024335
827,-0.004822450521494235,0.19893491478922098
828,-0.013066554979844028,0.19944207574921785
829,-0.011737791428896605,0.19808113569407182
830,-0.0032040843917103858,0.19776082847289117
831,0.010147743335658849,0.19795449602456694
832,-0.00026571406958476813,0.19783655628804903
833,0.004507846745197741,0.1977957561133143
834,0.005025715255989002,0.19780790878632942
835,-0.004013888656048153,0.1976187760990569
836,-0.004399466957678874,0.19741918916060458
837,-0.018922309644294914,0.1984142276450115
838,-0.0018838304468975261,0.19842553737006982
839,0.008075258110333118,0.19799303087790562
840,-0.01002159669140474,0.19799053475440195
841,0.015791485381366006,0.1979926972341851
842,0.012990891084216645,0.1980989465027102
843,0.009056763398235098,0.19822339808663367
844,2.2707212302873216e-05,0.19810408880756222
845,0.009583578072301369,0.19828344109505167
846,0.0006979053668207861,0.196555630334941
847,0.00842644008140562,0.19650706401295004
848,-0.003498647274735647,0.1963686402481839
849,-0.004477792616082752,0.19599237029374447
850,-0.0014745429972655752,0.1959866112726986
851,-0.0018603641552635026,0.194900188330222
852,0.019235789427126986,0.1957159215832289
853,-0.005472558798833442,0.19582085002196808
854,0.005240040242195574,0.19557493452643634
855,-0.018563234546592863,0.1961770380937886
856,0.0003834726584453169,0.19617743552629746
857,-0.010895346577532883,0.19638825628910955
858,0.001070949269600892,0.19535506305234662
859,-0.00202895702025954,0.1953710012198902
860,-0.0005478541867016033,0.19530725265544435
861,0.012581632407228784,0.19564512877166093
862,0.001115459660804378,0.19561799962567056
863,-0.013491619306831784,0.19591944175256742
864,-0.004278151889920641,0.19585857074165444
865,-0.007606028480840421,0.1959126523605352
866,-0.014039972567088563,0.19633289579856997
867,0.002562111484209792,0.19634227728265796
868,0.014361397520125834,0.19637905563369562
869,0.0043097418953100845,0.19549995160176978
870,0.004713696896066946,0.19554261015508065
871,0.0067117674427133595,0.19544687522881438
872,0.01800004394701892,0.19597491902677927
873,-0.010342500206794948,0.19620257226439045
874,0.12923969627747223,0.23451690332665387
875,-0.008050826910638773,0.23432502480213732
876,0.0036810814769656975,0.2184082816420953
877,0.02395118510090378,0.21857150949861986
878,-0.005697762326478296,0.21860612347237568
879,-0.010143406272858901,0.21892159813051454
880,-0.00019705147535964675,0.21884392537340405
881,0.020710127834702805,0.21967396975985057
882,-0.005632244038643979,0.21972606666968242
883,0.00015528535733754087,0.21965074598475337
884,-0.0034408868323039525,0.21952253875763633
885,-0.0009059102900087988,0.219533962461044
886,-0.004483255219083292,0.21944012152505177
887,0.0012033589169464167,0.21941371560084721
888,-0.014576529554028916,0.2187740576627827
889,0.007984347542553977,0.21751969496596785
890,-0.005368547896724869,0.21714221202171916
891,0.0011768270288974151,0.21712649307536716
892,0.020242827434309746,0.21758287013609295
893,0.0026695768414768954,0.21726756738594105
894,-0.0016144048864009414,0.21706480317015725
895,-0.0019466960936445634,0.21708916036376136
896,-0.0061747559451569446,0.2151168051425209
897,-0.0028229468285840198,0.21516220662754892
898,0.011437678935666846,0.2152391063681032
899,-0.002110414145628969,0.2152689604867449
900,0.013514465007265395,0.21525265535483554
901,0.011861295410205475,0.2151212010268417
902,0.00443083514698385,0.21443343821978242
903,-0.0033166308573181107,0.2142477841684991
904,-0.004834193377625958,0.21420926047988004
905,-0.001157647438091416,0.21413986190356762
906,0.004660320165309512,0.21401970943338058
907,-0.0007941792136454289,0.21393955268307446
908,0.011780887864981725,0.2141546786593549
909,0.007700205118939762,0.21390881717459884
910,0.00602919611073791,0.21395052616382002
911,-0.006817993257490614,0.21360912154936942
912,-0.006827349105555567,0.21377918394701992
913,-0.008607337108880503,0.2139513015663655
914,0.011425957933238789,0.2141577551881439
915,-0.002912071081302826,0.21275603014860828
916,0.013821703491843862,0.21310518031165498
917,0.001354316199854609,0.21308474191687232
918,0.013169845959599082,0.21339201478429848
919,0.013070407944334117,0.2134067310115918
920,-0.0029277662955336644,0.21320542031969436
921,0.005041939964628426,0.21321330814870376
922,0.000840868721773781,0.21314531021410243
923,-0.008025682084626949,0.21310135193090113
924,0.01008901881267806,0.21308604221749422
925,-0.006795519664215371,0.2122751090780417
926,-0.007321586167715722,0.2124643560169141
927,0.011087674169166725,0.21191607638248153
928,0.01909471906738811,0.21254536155840134
929,0.002078915524454034,0.2125128891786085
930,-0.009676640293852408,0.21276463457117323
931,-5.312305301960341e-05,0.21275243429446197
932,-0.006391028753518067,0.21287361476989464
933,0.023254261333904323,0.21253380040314868
934,-0.0006788563703890064,0.21254813188628258
935,0.006594767110555315,0.21204070705692413
936,-0.00493331424372378,0.21202418059578754
937,0.011381904212850907,0.2119178642644333
938,0.0011336642324690253,0.2118752393014504
939,-0.004232032434023451,0.20555846924938764
940,-0.03176378863256141,0.2077057130266538
941,-0.02031477470375096,0.20884500030716865
942,0.019584899885411438,0.20955381911795354
943,-0.014431187638132472,0.2101523294005068
944,0.02539478488114817,0.2114987702125155
945,0.03935992880725048,0.21483756178245486
946,-0.04108765992024445,0.21769670149553264
947,0.0041644395829102876,0.21647149389061987
948,0.004418477638142022,0.21636916623365082
949,0.014554151346884944,0.21671758779964806
950,0.014957023002743017,0.21710323863967756
951,-0.0038377032079393394,0.21678015276873683
952,0.014599737459305021,0.21710224410792045
953,-0.0029367087022569185,0.21711664706800857
954,0.011070383125760537,0.21731779280128793
955,0.0024139431578382893,0.2172695127740478
956,0.006695176432497105,0.21727582893627176
957,-0.007077665294454889,0.216872343368753
958,0.0014709764190523468,0.21597977714313943
959,-0.00026572587073982645,0.21597692530638846
960,0.0072176287089818405,0.21601902558637942
961,0.006158272112027508,0.21567683544040553
962,0.00013929080950057877,0.2156677451441428
963,-0.0007869905429841148,0.21542827771250997
964,-0.002924232627383321,0.21547729434598198
965,-0.010718213280288382,0.21578273935145298
966,0.010109242804504823,0.2152601055650595
967,0.00275364079702746,0.21441263177923262
968,0.0011075335699142152,0.2141717461273964
969,-0.003959914080652135,0.21424185547134153
970,-0.002654209896216691,0.21426392471277225
971,-0.009603803248029499,0.21453631734255577
972,0.006073247509587141,0.21434508941843136
973,-0.01522337300334915,0.21495471623951612
974,-0.013768972890083471,0.21540944473999316
975,0.0163223854097017,0.21567595082570315
976,0.015944620750627258,0.21594347338197228
977,-0.00996472574424537,0.21623508004384467
978,-0.0017443421017119935,0.21624404143400353
979,-0.011864680076775734,0.21658226361145608
980,-0.021453470126690747,0.2177795035810832
981,0.0006820696389641778,0.2177691209791796
982,-0.023356502576459003,0.21916419040068608
983,-0.012385019047537431,0.21918273610269406
984,0.0027359435202155935,0.21885989151486923
985,-0.005407635314990267,0.21883750860004744
986,0.018130090721393405,0.21907604020525095
987,-0.0002821189863777223,0.21886235606344104
988,0.0048207863528419975,0.21835199412806006
989,-0.047812987502525446,0.22322467397729484
990,-0.009229745591846842,0.22315940732474554
991,0.03065051618577419,0.22506957715651388
992,0.016514568084510274,0.22510466554954997
993,-0.041975630977961836,0.22924687154998358
994,-0.01931839901755207,0.23016213575544492
995,0.0036119968389440333,0.2298845059852717
996,0.00733432788621452,0.22957928195550298
997,0.036784244791333826,0.23182781943502065
998,-0.03741833218032571,0.23394291735764525
999,-0.01405078534203456,0.23060585062398617
1000,0.011641674274019865,0.2308445860821474
1001,-0.014824849514937375,0.23123609038789822
1002,-0.0033837494072722013,0.2312053179118976
1003,-0.017247378555434522,0.23183922583630096
1004,0.0018774294785007914,0.23160066548215563
1005,0.02019497896363795,0.23146408740592053
1006,-0.0019727946094362328,0.2314123961490198
1007,0.008865808035432422,0.23146744922170842
1008,-0.0064572551970491655,0.23136529196204114
1009,-0.00022736394694221153,0.23063959179798488
1010,-0.024297672157265096,0.2313239766723919
1011,-0.010106387176543491,0.2315062304889812
1012,0.002037274358069088,0.23078378329643282
1013,0.015013977808426464,0.23121023884605107
1014,0.021342536021693708,0.2319459307065501
1015,0.005964204733572661,0.23197281256599606
1016,-0.012154065268655482,0.23211062582545414
1017,-0.012745951896500893,0.2303646192261932
1018,0.0012493343021711205,0.22995351907662065
1019,0.015684113752956984,0.2303901094068865
1020,0.00171924815804715,0.23038897132729508
1021,0.017161306581929162,0.2309698998362945
1022,0.011291570643300115,0.2303157241357691
1023,0.013919475411985346,0.23053623644788532
1024,0.0236904178933065,0.23135871649811837
1025,-0.007573428240369043,0.2313771832598064
1026,-0.0028527027030012843,0.23086663581057068
1027,-0.00033924683876726313,0.23086346657578447
1028,-0.010702090738227624,0.2311595667841399
1029,-0.016362642423840997,0.23175278693810356
1030,-0.000513954961449126,0.23150414901442196
1031,0.016822457110301073,0.2320477012626389
1032,0.004377466311305545,0.2320240277193209
1033,0.010353748034424211,0.23163776721461862
1034,-0.0027969657582370064,0.23141031504698636
1035,-0.0030552468412265834,0.23109483959923807
1036,-0.013493372213233424,0.23133530880745806
1037,0.0007433485348022202,0.23128506904998883
1038,-0.013649262980527476,0.23172239000687037
1039,-0.002336117926782822,0.2314378666150974
1040,0.018899064102966035,0.23164139515134113
1041,0.0027610747617234027,0.23164824705127238
1042,0.00262763408819219,0.23089351357899948
1043,0.01532174953064307,0.2312817320761073
1044,-0.0005843011853391782,0.23087704847241483
1045,0.024544849296333725,0.23201017900781187
1046,-0.004590172529736983,0.2319612585242885
1047,0.0021505127165643194,0.2319465799117286
1048,-0.003401276069917698,0.2319745585045375
1049,0.012764083179229915,0.23215105422872542
1050,-0.000575039809586833,0.23203904216276686
1051,0.00410429191257066,0.23203118161510636
1052,-0.004250285129698934,0.23199101010334447
1053,-0.01935311373495577,0.2325790280124604
1054,0.008699692324811022,0.2327075074220458
1055,-0.008682223575902351,0.23290721283074714
1056,0.014049062695219945,0.23281384216104417
1057,0.009776216327623696,0.2329733115064363
1058,-0.00015383804141671503,0.23297418656218025
1059,-0.003631884839738561,0.23292961052899658
1060,-0.015444972448727426,0.2334965354400529
1061,0.03653698431938089,0.2360043441051893
1062,-0.009472066517423099,0.23565046843499518
1063,0.008900581978650752,0.2353311102778542
1064,0.0020827204531549924,0.23517216423360907
1065,-0.0044226720083332316,0.23522781360637404
1066,-0.007324255084456166,0.23468087463764098
1067,0.00267884561306366,0.2346552578724349
1068,-0.008485001083109666,0.23480759330081344
1069,0.003086044265555856,0.23465620174459476
1070,-0.02730059961457455,0.2363246368492934
1071,-0.009721759056209468,0.2359208968573779
1072,0.012429812061308682,0.2361968315883279
1073,-0.01419792611571413,0.2366666313707629
1074,0.0023051022044795603,0.23644706730486093
1075,-0.005335871220516849,0.23640921919423516
1076,0.00955730680233709,0.2365628261306759
1077,-0.0015660247915975406,0.2365505796504663
1078,-0.009110126668708935,0.23667672565852088
1079,0.021187350356119017,0.23746708971264388
1080,-0.000226190249680462,0.2370470450709193
1081,-0.002038012596289072,0.23671746776048472
1082,0.015022182851604572,0.23708242123280548
1083,0.008040971015811794,0.23701212549338943
1084,-0.004046644264347021,0.2370659458957246
1085,-0.001917950350158577,0.23706293635726303
1086,-0.0013894795149990268,0.23704502489798893
1087,-0.004059274057728217,0.2370460211348192
1088,-0.004041289866361136,0.23703787904347634
1089,-0.011942468758285456,0.23654680595639818
1090,-0.0031572931563643445,0.23656676647484304
1091,0.004207585375299642,0.2364850245222395
1092,0.009974552228100857,0.2363816123755523
1093,0.0010560427522700192,0.23592937478136664
1094,0.006966012879228559,0.23570326691148785
1095,0.007020270591738399,0.23564348426610715
1096,0.006191499877662683,0.23569476397965997
1097,-0.01487988988537215,0.23608705361060334
1098,0.0035907512135533266,0.2361001871129858
1099,-0.0030056604701607535,0.23601993138543167
1100,-0.009905341651249547,0.2362304033918496
1101,-0.0043874306027940424,0.23622831248996307
1102,0.011881659128571061,0.23646462070911795
1103,0.008276644213328653,0.2365559765365225
1104,0.007665965555984974,0.2359478442797445
1105,0.011490346946078249,0.23608609121654933
1106,-0.014719949709150328,0.23658018351244825
1107,-0.010680437029851917,0.2360549000887962
1108,0.011735405009117711,0.2362941689883955
1109,-0.022235548568665008,0.23714387853028782
1110,0.003541193413586353,0.2371566621537886
1111,-0.0012830999476816875,0.23714799114813478
1112,0.001733509421099968,0.23714313066005657
1113,-0.015869247286582615,0.2374666773193956
1114,0.0031799536820686885,0.23747676649680724
1115,0.009080227057780289,0.23716677213172782
1116,0.0035917872035612693,0.23711865147538208
1117,-0.02385554800306911,0.2382727659095352
1118,0.01541959714448711,0.23822052079799536
1119,-0.0205057771967385,0.2391999594057561
1120,-0.029657343525926017,0.24079064737741526
1121,-0.02093429073181071,0.2417533999041042
1122,0.008831671730231704,0.24185533499553719
1123,-0.014813352667890937,0.24228627801466454
1124,-0.010469106819186755,0.24192167419762123
1125,-0.025762321381116584,0.24311173245707313
1126,0.018740677870550695,0.20678968140827772
1127,0.010884398954855285,0.20690532099118444
1128,0.011649941398537983,0.20719333504409906
1129,0.02093528203702379,0.2068683361375814
1130,-0.007750901923894183,0.20693743809822915
1131,0.0018324297091857808,0.20668239268949068
1132,0.014922201982927607,0.20720153150670817
1133,0.0007830971645211776,0.20618802189168992
1134,0.0017824735071387892,0.20610945581794107
1135,0.015810788848660808,0.20669479383010342
1136,-0.006928134210070425,0.20678802405364435
1137,-0.0020012703807784932,0.20679741142583546
1138,-0.014890714595242834,0.20730084817631342
1139,-0.0071326607335707596,0.20743065542665926
1140,-0.001901999632989467,0.20690859017977636
1141,0.011906361997213132,0.20709219823988467
1142,0.005101259822830916,0.20706908490490677
1143,-0.0054300830546711925,0.2071477449041238
1144,-0.0035325082252387154,0.20621386421049367
1145,-0.0017986008046014341,0.20620902502345412
1146,-0.014599090012403797,0.20673214451852182
1147,-0.002762274858460891,0.20674206816787707
1148,0.0036565688830580024,0.20667387929520242
1149,-0.004030469429848991,0.2066950702548434
1150,0.0049797615232624465,0.2064427820636479
1151,0.0032876954584585643,0.20645380576154357
1152,0.0033506739239546864,0.20604447952160723
1153,-0.0013129630297924273,0.2057128958294326
1154,0.0026981930444058503,0.2056834566190402
1155,-0.014931142405220905,0.20620328462021592
1156,-9.367787850708905e-05,0.20614540768445697
1157,-0.004563075868253149,0.20619360355258845
1158,0.011210795865533318,0.20644489291750548
1159,-0.02268187191666839,0.20769287892385319
1160,0.0032691816895900343,0.20738143621335797
1161,0.012052873552586383,0.207590439872498
1162,-0.01380019411957022,0.20795530910952245
1163,0.0043248298595654515,0.20789333810923066
1164,-0.01849146751140855,0.20859984139663812
1165,-0.009414449526906005,0.20863437391545558
1166,-0.03648880483983179,0.21145464122654373
1167,0.018995272186401607,0.21231729941090927
1168,0.01222467565259672,0.21221720054292406
1169,0.010219504817313462,0.21246873837669228
1170,0.01636584393520561,0.21269451674595422
1171,0.010838995634594074,0.21256657671791465
1172,-0.003436011938505486,0.21257374976216842
1173,0.00989836011771169,0.2127492642968712
1174,-0.0069524677743344025,0.21285460136522105
1175,0.00016962965385362285,0.2127100623827894
1176,-0.007607725051667814,0.2125889440100388
1177,-0.003025059693072612,0.21250570537696623
1178,-0.02106607068186382,0.21340882574096182
1179,-0.023449861624457672,0.21435382620156063
1180,-0.0017147326304048868,0.21345994718806752
1181,0.0031481207588969174,0.2134756100384803
1182,-0.013035197340867246,0.21364692483301687
1183,-0.007322608250336685,0.21375488337486478
1184,0.007342775323086581,0.21381872544199637
1185,0.009407814448061264,0.2127206980322346
1186,0.0018351169880443173,0.21273392523361492
1187,0.012457186177128677,0.2130116908986758
1188,-0.002325147957986598,0.21297325980694282
1189,0.02173877032413413,0.2138034924646009
1190,0.031073339684291695,0.21611095341260975
1191,0.010350676848984235,0.21633904239992835
1192,-0.008817289671939598,0.2141926596280593
1193,-0.03146847760191568,0.21553105887336654
1194,-0.0167800181954515,0.21524152021336881
1195,0.001293239873746231,0.2147846514339473
1196,0.045665212138572095,0.21815087224259008
1197,-0.011364254818677132,0.21477873130397776
1198,0.0014370836241966662,0.21087224297618545
1199,-0.012319591692154169,0.21116848936869
1200,0.009178085267732172,0.21132958776138688
1201,0.00646152539573547,0.21091249607600748
1202,-0.005987750212983109,0.2104261562033267
1203,0.017112028406690207,0.2111271609998001
1204,-0.0018081724497956719,0.21059791639631678
1205,0.012902274644594069,0.2110024541558129
1206,0.011136261348429231,0.21100604373242457
1207,-0.01130209480618849,0.21127141019301077
1208,-0.005801199385528795,0.21121948149050246
1209,0.005856442702387785,0.21120816153848776
1210,-0.007247030126913977,0.2113104926833981
1211,-0.013148551761089795,0.2116924697679783
1212,0.00782780017352027,0.21171564244645175
1213,0.014408244762666054,0.2121358317685107
1214,0.02112230912197051,0.21322941936219708
1215,0.005242915920779581,0.21330277406253817
1216,0.022908983532405086,0.21454975150931443
1217,0.004017539855814281,0.2143332660139442
1218,-0.0004708351841303745,0.214084164557988
1219,0.0034125871163928584,0.21409438372281073
1220,-0.013377131499108148,0.21449364758061215
1221,0.0020500805912691575,0.2144743265768217
1222,-0.024630569932692716,0.2158425723038548
1223,-0.006924706678363712,0.21574377608334105
1224,0.007825124365103605,0.21580310598675578
1225,-0.014852908307591018,0.21577774628504862
1226,0.013051152950665522,0.21576679348166483
1227,-0.006640493998664233,0.21522070103607444
1228,0.015599147781629108,0.2151947823605398
1229,-0.002702476627190308,0.21499012077583335
1230,0.0042384202367988935,0.2150324936031185
1231,-0.0027699490654719892,0.2147317501827935
1232,0.020160178597077628,0.21463299688119225
1233,-0.02020486449611984,0.21557505825450762
1234,-0.006490411981993764,0.21440800178533803
1235,-0.012378802808014507,0.21440764348408672
1236,0.006706812809904229,0.21449661704547615
1237,-0.007327135036265424,0.214553272758511
1238,-0.009976617349110954,0.2140005677148715
1239,-0.01304174937483894,0.21438696544729405
1240,0.0023034892191848067,0.2143422379528144
1241,0.00047490161818926146,0.2089528213092094
1242,0.008510885554088195,0.20892301369576916
1243,-0.001533588806699855,0.206653107134387
1244,-0.0014249808463854922,0.20598242932525332
1245,-0.0015566373163844124,0.20166752553082176
1246,-0.01641837492072563,0.20140949109478135
1247,0.004026675893159145,0.20141738739089424
1248,0.002381922536749655,0.2012971844157382
1249,-0.01843406614493251,0.19871823094909896
1250,0.02138962320562938,0.1963592941553746
1251,-0.002637096115154446,0.19587073919471004
1252,0.010052902102753471,0.19578268267124774
1253,0.01405624087379066,0.19571228179180847
1254,0.032483130402475587,0.19833143072686943
1255,-0.014555637525714933,0.19811060138680203
1256,-0.0030476593956619076,0.19813247993025582
1257,-0.008342708546587687,0.19730634777178244
1258,-0.021613089827434928,0.19849428670115093
1259,0.0010416223802511917,0.1983011197466163
1260,0.005339881525460907,0.19826279502837654
1261,-0.018627315571948477,0.19914573124144616
1262,-0.012473891632895773,0.19804333792119602
1263,0.012285524227722697,0.19815284214766404
1264,0.014070432182274073,0.19863153222567553
1265,-0.00469301934025646,0.19813458255723118
1266,-0.012510323505862949,0.19738789974058793
1267,0.0010957570378165404,0.19730033559310403
1268,0.016442064087574676,0.19760601333862426
1269,-0.008486967239178326,0.1973738367110505
1270,-0.002907638032828791,0.1973936329523367
1271,0.009461015409328323,0.19699802832537533
1272,0.0035481771732244942,0.19702185068895656
1273,0.005990126639703061,0.19636516839883772
1274,-0.0044337421121682175,0.19608975961582556
1275,-0.014527969324969128,0.1961221616257869
1276,0.013935308855794111,0.19517251476434708
1277,-1.843141238786334e-05,0.19503123350635093
1278,-0.014311496167613439,0.19552683343149904
1279,0.0035268867702027873,0.19556213766195177
1280,0.009672360473217304,0.19552257208301252
1281,0.0020935912739668034,0.1948509244324421
1282,-0.006703743671688397,0.19496486483233788
1283,-0.006298900126212407,0.1943262027845095
1284,-0.012262453291084134,0.19465005546790096
1285,-0.00026580415805902737,0.19436115928449466
1286,0.018808506386375348,0.19527532223026706
1287,-0.003883169306366713,0.19528939354483713
1288,-0.00427385132468449,0.19487484583767112
1289,-0.009683623771553875,0.19510682929047654
1290,0.0018003737607485497,0.19464634939528705
1291,0.0020994436822294486,0.19464592296447528
1292,0.01401531411412141,0.19422837822683675
1293,-7.448715449458132e-05,0.19420698918926682
1294,0.0027910110303210143,0.1942093798477124
1295,0.004245935232306516,0.19364016781477847
1296,-0.004896428253706919,0.19369755043241232
1297,-0.004864644673975425,0.1921547812039431
1298,-0.0066359071908592415,0.19221153337222788
1299,-0.01931295353102515,0.19313220914721313
1300,-0.0019385435874576887,0.19311486481675508
1301,0.002551959849570525,0.19268623490800274
1302,0.002984956722239749,0.19271636677047876
1303,-0.0010323228324011827,0.19266394470700482
1304,0.004122682080225553,0.19267932444748867
1305,-0.015722361985886453,0.192354687347631
1306,0.007421602942287974,0.19229832011124662
1307,0.017986632765421118,0.1929918143720454
1308,0.03050350386421628,0.1949106736158229
1309,0.026273327199862213,0.19645210924143044
1310,-0.0015695880252908439,0.19645721107062947
1311,0.034439896054186396,0.1994478232301461
1312,0.148871893933076,0.2483671590945863
1313,-0.014836116137371222,0.24621708827719127
1314,-0.0010865784361452802,0.24602088444053558
1315,-0.0003020416897573574,0.24587646721764725
1316,-0.02728310644853577,0.24742782155435172
1317,-0.032688470996872915,0.24957697730314038
1318,0.0059161554313279146,0.24952699764474556
1319,0.0011790227997805468,0.24951691105392068
1320,0.006238450973525855,0.2494335409375309
1321,0.0010439282091260678,0.249419106217979
1322,-0.011095395869369973,0.24814155332094884
1323,0.008911497317417392,0.24808038410544567
1324,-0.003110013083472578,0.24781310755232278
1325,0.022828463864874884,0.24839151732304016
1326,-0.0017101755970561126,0.24839513550472045
1327,-0.011549612899470688,0.24861963565794476
1328,-0.002474344720936709,0.24847006173178454
1329,0.04179803462959693,0.25187921383304995
1330,-0.0018480562919906715,0.25170241608254146
1331,-0.004726395340180373,0.2509113720404466
1332,0.0010200949390256624,0.2509106558343412
1333,0.005690498634665845,0.2509498609105662
1334,-0.007198193570942246,0.25064899518396727
1335,0.007243631127512029,0.2506261319939145
1336,-0.02151904369193181,0.251550469935806
1337,-0.05456727892818513,0.25748013241198026
1338,-0.03805498022836666,0.26030309793743134
1339,-0.012887744176864812,0.2605928695663227
1340,0.07695340087382245,0.27167571542027336
1341,0.014199855002968812,0.27174640851067133
1342,-0.011403967558174992,0.27198130540445814
1343,-0.01942991368226591,0.2726767328862718
1344,-0.0336534214965014,0.2746095781405234
1345,0.027309079859359445,0.2759482801901401
1346,-0.013256122512690873,0.27619524589982114
1347,-0.009196780418883492,0.2762676908380213
1348,0.022973563643092366,0.2771469888943553
1349,-0.003161211204503587,0.276755347535786
1350,0.013986477355031082,0.277077460183812
1351,0.007088431781340427,0.2771417656982715
1352,-0.00405126210379941,0.2769870588054266
1353,0.018913809346029167,0.2775684278856815
1354,0.0013216142072588555,0.27733136257630214
1355,0.010822143621226502,0.27741582920739394
1356,-0.02146059446305974,0.278176534443765
1357,0.00978904145687685,0.2781128419592567
1358,-0.020268869608452117,0.27846813512001756
1359,-0.0005301265188942474,0.27825330755947747
1360,0.005512132714370349,0.27806567574076396
1361,-0.022347597744288458,0.27807479833981086
1362,-0.028306674595537793,0.27951727135146875
1363,0.0001343956449686828,0.2795136639232663
1364,0.02235446964893136,0.28039118812291886
1365,0.004706037317935904,0.27996051550534923
1366,0.025231504260396602,0.28105455268044505
1367,0.0229594257681524,0.2818271424080106
1368,0.006169885504623509,0.2818678502565683
1369,-0.0047833870226101525,0.28085991981776826
1370,-0.004994098813655275,0.2805149648391118
1371,0.006938157264232561,0.2797983692349885
1372,0.0047431624341538305,0.2781788503624712
1373,0.008668468678977111,0.2774422787093233
1374,-0.0017492141297618515,0.27733691037758823
1375,0.016117368158590228,0.2773169548768451
1376,0.0006949288001240724,0.2770823994503714
1377,0.005872130153947878,0.2758251224365288
1378,-0.02403668942631088,0.27638891355263784
1379,-0.011865098963560965,0.276499368655387
1380,0.014184405404443602,0.2766107986732707
1381,0.07421101362273246,0.2854901107723998
1382,0.01523945406151827,0.28570636740989475
1383,-0.006036927496768603,0.28579486440546
1384,0.006275377969041983,0.28550514191777343
1385,0.005552926091245218,0.2855405309705762
1386,-0.008559072627969384,0.28570175944222803
1387,0.014386508704536257,0.28563130439994533
1388,0.001455012874647269,0.2855200765588534
1389,0.008205431480150403,0.2855928441586701
1390,0.004303283463853454,0.28515889344087003
1391,0.0034266147519076053,0.28504567798747077
1392,-0.012162073399706957,0.2853427325892903
1393,0.004720581770749824,0.28516175264995675
1394,0.00967407983345507,0.28526212013380314
1395,-0.005686581108961477,0.2852681859746445
1396,-0.0196521797938898,0.28598895977046374
1397,0.016543050399124255,0.2863904220807593
1398,-0.005033545174256068,0.2860211603899242
1399,0.0200648403737269,0.28661338253257784
1400,-0.002150996871095502,0.28662423726577213
1401,0.024335491150951953,0.287499393352888
1402,-0.0008197861306610867,0.28748513335708104
1403,-0.010237616111161767,0.28771236024958374
1404,-0.00017375352769267362,0.2877088584559815
1405,0.0028163017421736557,0.2877008861591979
1406,-0.01026231702663057,0.28793007709558294
1407,0.03238141314023411,0.28914330993007964
1408,-0.006093796958605461,0.2892376992934778
1409,-0.012991003483582819,0.28953553085183026
1410,0.018784927566324397,0.28989225329620766
1411,-0.0046534180734825745,0.2889462945739385
1412,-0.0011536360305740708,0.2889528601547293
1413,-0.014214443141330491,0.2891813856017312
1414,-0.0028645758827416366,0.28881188486608367
1415,-0.014230991250287563,0.28922001875645126
1416,0.011973485495892397,0.2887266551556595
1417,-0.005861180658694408,0.28861410328187687
1418,0.019567857571913108,0.2866479497335367
1419,-0.011489239475649412,0.2864221127177508
1420,-0.013595592168495341,0.28662228516663374
1421,0.011378154730926075,0.2866601112919319
1422,0.00297773572441036,0.286274511848461
1423,0.00041324526907752574,0.2861201867963488
1424,-0.002548825331086822,0.28610655094234433
1425,0.018678009795902627,0.2865031371486731
1426,0.01830975012937675,0.2868750830332364
1427,-0.00723701283029666,0.28700578614866695
1428,-0.015844704845400945,0.2873860223853232
1429,-0.022710045829970296,0.28836712615867116
1430,0.0009970089858171937,0.28748527666401485
1431,0.0013995130686957678,0.28639442044280566
1432,-0.02344306361990704,0.28746689538472875
1433,-0.016546112827445288,0.2880265250304975
1434,0.0021811375302061057,0.2876622651586653
1435,0.013924332525210142,0.28779513919241206
1436,-0.035766426191424935,0.29014320215689693
1437,0.020010804669367648,0.2906310781398833
1438,-0.028770634386387894,0.2921946837073997
1439,0.01051399998328631,0.292126644913285
1440,-0.004770571270915648,0.29216728280722004
1441,0.0115870094036153,0.2916295570788498
1442,0.026065802243437814,0.2911579070188364
1443,-0.018902126064594158,0.2917061717163454
1444,0.00192319203173314,0.2915370013508434
1445,-0.01847145402749369,0.29036442644261956
1446,0.04329273384661213,0.29283324095485797
1447,0.01626999506641272,0.29320849137032956
1448,0.012107560095656295,0.2900366790603879
1449,0.016681920231201193,0.290156812504116
1450,-0.05056052829628126,0.29478615105508016
1451,-0.02639948387290732,0.29577243952931426
1452,-0.03512915680609786,0.2978858430414322
1453,-0.0012149762556464317,0.29784445084750893
1454,-0.006804604401903742,0.29786483378777706
1455,0.008823838974627303,0.2975299892027911
1456,-0.0014774547055015658,0.29752707019745084
1457,-0.001039847469872913,0.2972924316624389
1458,0.012523792420212888,0.2973435454028148
1459,0.024869116020172388,0.2980496189751179
1460,-0.015721537399142935,0.2984439733366539
1461,0.0050920498649738724,0.2984325354400969
1462,0.007887162282600352,0.29839512283237873
1463,-0.015132529160603682,0.2984967136404926
1464,0.005317477746380639,0.2984502660759099
1465,0.008809504011548248,0.29825144430168404
1466,-0.0009639685420991745,0.2975757381781591
1467,-0.010407534361672886,0.2977609348292319
1468,0.029707499876110478,0.29834260618119357
1469,5.5615376004585264e-05,0.2983276412267043
1470,-0.008985078207168994,0.2984885561182434
1471,-0.0021498740140056976,0.298492861913341
1472,-0.022375731204213895,0.29905859014538866
1473,-0.0017133059383478966,0.29906666200516857
1474,0.01610946611478409,0.2983626885303569
1475,0.010690787711524515,0.2984152381565201
1476,0.019449919716513962,0.2989069607122644
1477,0.0050366644926509154,0.2985041756967811
1478,-0.0029612626205418454,0.29829297115803993
1479,0.0105981650088231,0.2983423855482897
1480,0.0022932859430667384,0.2979924134150328
1481,-0.00024407678060391652,0.2979709879886897
1482,0.00606892629172513,0.2979958537920398
1483,-0.0018073795424730008,0.2979847751244133
1484,-0.0036380670547328207,0.2974085962476401
1485,-0.0037465565166347977,0.29668303307727245
1486,-0.0024100268052920895,0.2966062700926948
1487,0.015206936658935986,0.29662895200723466
1488,0.0077041895291125855,0.2966491304522619
1489,-0.007462544123251803,0.2966530828256
1490,0.006636045183647244,0.2964881591451157
1491,-0.006179788462342156,0.2962343187870186
1492,-0.010100605965112069,0.29645269186507134
1493,0.0106371980253198,0.29659936012377847
1494,-0.007281434739411221,0.29663504024254694
1495,-0.001527622367086159,0.296634984073149
1496,-0.004134963356433171,0.2966719043217877
1497,0.009451257808232784,0.29677192180760925
1498,0.011546671341578574,0.2964145513193073
1499,0.001966937104815337,0.2964033462447693
1500,0.007670964680609353,0.2964683587826767
1501,0.00997640051165583,0.2959201362734554
1502,-0.016678661690029947,0.2958024973668131
1503,-0.0016726540738619057,0.29579095477700196
1504,0.008559371229963418,0.2957507214775889
1505,-0.05464478773666663,0.3007289055066007
1506,0.0060752570711849335,0.299116759616583
1507,-0.02097486726690907,0.2995203112367927
1508,-0.003253214274823013,0.29952314606558644
1509,-0.02121982531455059,0.30020087322243927
1510,0.00287564767843469,0.29935367975735694
1511,0.007475505091169486,0.29942350346782654
1512,-0.00841391872802891,0.299540841444226
1513,0.004812520285241607,0.29891682801313496
1514,0.00820254823303385,0.29869102389344204
1515,0.013720086490813823,0.29874813154673463
1516,0.002500006886635644,0.29847010249893763
1517,0.014316952359943009,0.2987039781532493
1518,-0.010970120037166905,0.2986370130787874
1519,-0.002771918383078337,0.29866337262553366
1520,-0.0034827804579274048,0.29830565018644617
1521,0.007930951209114082,0.2982275575895918
1522,-0.014423341323562542,0.2986076376035438
1523,0.0005662627789535891,0.2984907019465202
1524,-0.008969814497152352,0.29864950577801513
1525,0.013361308258017844,0.298863135079001
1526,-0.007779498743087785,0.2989436693050467
1527,0.022257048740618266,0.2992818043375135
1528,0.007167785201346345,0.2990690949392509
1529,-0.0015869092921004147,0.2990794762730187
1530,0.011724592618155874,0.29885993502675867
1531,0.004167861924460404,0.29886548382452405
1532,-0.0021361720456134366,0.2987655098348664
1533,-0.005121037960347244,0.29883155055728233
1534,-0.01109638258595666,0.29898038536659766
1535,-0.008047967796340972,0.2990294170831147
1536,0.0001395981012070458,0.29872704863767324
1537,0.016098019597237723,0.2990932439013171
1538,0.00041182817122835977,0.29857649964203786
1539,-0.012666063520067175,0.2988560528146022
1540,-0.0014605788371337982,0.29881776496379575
1541,-0.00012524449552705574,0.29862139212213223
1542,0.0009044914631395569,0.29862100969907796
1543,-0.011978199566912194,0.2989112445521733
1544,-0.026590655137097945,0.29991540566832503
1545,0.002872829921017247,0.2999192202842086
1546,0.0032094151413912036,0.2999219948827595
1547,0.0021817433282053642,0.2999068074226938
1548,0.006302998644049669,0.2998944051995474
1549,-0.03870967382073257,0.30246409038530686
1550,-0.010361186416467162,0.30258046631085844
1551,0.01747425328778336,0.30234851334790247
1552,0.005967113861269504,0.30237333090006324
1553,0.011611717690988023,0.3025531439657318
1554,0.010220738591881984,0.3026844072147982
1555,-0.006111239964432955,0.30276375918306353
1556,0.004049646431630375,0.302763042966344
1557,-0.003459888733321955,0.30232583170125343
1558,0.014661352384923788,0.30256254725395565
1559,0.013317418774454621,0.3023385008930772
1560,0.007731280230164045,0.3009761605458954
1561,-0.00509180857304249,0.29997471309645374
1562,0.00552188508435595,0.2999981918180623
1563,-0.0015269797652763676,0.2981233963358031
1564,0.019166472056106196,0.25913651304416063
1565,0.004324350796495887,0.2587176847190732
1566,0.00572335889868272,0.25876750283832634
1567,-0.0034598796362403823,0.25879594154562713
1568,0.00554891156098365,0.2573441457290248
1569,-0.00400668319696891,0.25521276379634267
1570,-0.0018266087209717222,0.2551706660146258
1571,0.004526503642347357,0.25519962307034866
1572,0.005565664264205211,0.25518574626466006
1573,0.030212908374286425,0.2568914091019039
1574,0.005305982007553016,0.2566540630353805
1575,-0.0023446339779247993,0.25654541810150244
1576,0.0027327017167613496,0.2565226785229377
1577,-0.00203264982673547,0.2555839584624975
1578,0.013656772238108022,0.2558991119634657
1579,-0.0005881929677475536,0.25560347690030377
1580,0.003192809915363558,0.25559289810710356
1581,0.0005353716639621717,0.252264282060989
1582,0.00021660370177309138,0.25225194139551244
1583,-0.0020789960170111165,0.25220875647792634
1584,-0.0009963454108475299,0.25221425318960844
1585,-0.00679671109539537,0.25227493840076193
1586,0.003557960172686364,0.25216856035812657
1587,-0.003094849738167106,0.25211055234567453
1588,-0.0026788479337757024,0.2511497865686568
1589,-0.004225933368560382,0.244993601526686
1590,-9.066913372916616e-05,0.24185140213330183
1591,-0.0031653010748771636,0.2414832076526934
1592,-0.0002989402599092642,0.22916585519395508
1593,0.0001689528632490428,0.22877147714685026
1594,0.003385957605266488,0.22846070961186088
1595,-0.003970829876526425,0.22760747045611482
1596,-0.0026560602280961735,0.22498317390384592
1597,0.0022529078252137985,0.2234301712902368
1598,0.003479971453623681,0.22299272030798692
1599,0.011111648394231935,0.22298913789257654
1600,0.0003460059136317861,0.22189966413704657
1601,-0.006466649846527316,0.22198570837509118
1602,-0.020404927168604554,0.22261864362682202
1603,0.012246073758913432,0.22282462337219597
1604,-0.012206545012412525,0.22315254453294456
1605,0.003678922562042118,0.22242885997082407
1606,0.012084253293151081,0.2227180321250359
1607,-0.0037387168016999265,0.2225339897615983
1608,-0.0041444532269823845,0.2214731235952961
1609,0.007429510341338214,0.22138930111810254
1610,0.006215973664972799,0.22044463335375805
1611,0.014059129058866839,0.22083372257878023
1612,-0.0003938708158241874,0.2207897259726193
1613,-0.016258023005144603,0.22022899865974632
1614,0.011302297037339442,0.21850430982032332
1615,-0.0018535602852343363,0.21852208429221182
1616,-0.00841597438835908,0.21767959921495192
1617,0.002937537405315995,0.2176562295480278
1618,-0.0061038097344160505,0.21639904479881522
1619,0.004996808339217246,0.21529745422608765
1620,5.1488184603783424e-05,0.21522996330544478
1621,0.0005021650508823394,0.2151588318311481
1622,-0.002293862878968859,0.21510333759896066
1623,0.013914184416735,0.21541722404633423
1624,-0.0036583555037045194,0.21542637608303955
1625,0.003912812018533689,0.21530354177454963
1626,-0.010164199826261768,0.21556552942178042
1627,0.00043685055583062157,0.2150097020791365
1628,0.0018351010972262724,0.21501299108727764
1629,0.019426453262792614,0.21576943340428617
1630,0.007815854262854752,0.21444974045032164
1631,-0.005667971509986962,0.21417078758487995
1632,0.0030069106323684786,0.21376360925168328
1633,0.01704247212874373,0.20133857177972894
1634,-0.006712845093887604,0.20093052898479713
1635,-0.010704978005986316,0.2011370249853865
1636,-0.004666321031884565,0.20111797364796904
1637,2.5169734920020936e-05,0.20105267400277138
1638,-0.0137098781821799,0.2013491842624362
1639,-0.0011861022618652921,0.20086410894850973
1640,-0.019210636493991788,0.2018087441261689
1641,-0.008583640595262058,0.20184245399925652
1642,-0.0001443230631982375,0.20180025926678202
1643,0.026546678444165833,0.2034929166515204
1644,0.010158812689390301,0.20334956771974153
1645,-0.006599777700954763,0.20342003545378504
1646,-0.02939735045236595,0.20535522909806064
1647,-0.01126227190802955,0.20558972632274028
1648,-0.024080087810182064,0.20606444195708631
1649,0.02999077003254462,0.20757477324454918
1650,0.007866236373904528,0.20765169985512819
1651,0.008790779046199996,0.20687395222313074
1652,-0.013957938657037096,0.20734300237914322
1653,0.011322350950215228,0.2062223040909755
1654,-0.0012097694186777076,0.20622435372253364
1655,-0.009521055866468515,0.20618965847131157
1656,0.000906306757122443,0.20619122196552336
1657,0.008575660525726994,0.20634858164796316
1658,0.003378693043491732,0.20611197928913844
1659,-0.016744738680049543,0.2042447376401414
1660,-0.013440128023037519,0.20459492014393818
1661,0.0034436534201603784,0.2042130758635801
1662,0.01588911280107922,0.2039658664426908
1663,-0.004482089203697028,0.20396203275087316
1664,0.015788104329782816,0.2045703367022942
1665,0.006758809984594782,0.2041772660632459
1666,0.016440190321723468,0.2048047700776966
1667,-2.5286336947992685e-05,0.20429146166626194
1668,0.008616282977513679,0.20412575087154358
1669,0.0012177371281420558,0.2040357526482702
1670,0.0009780666998858345,0.20311590535007093
1671,-0.008875503653638605,0.2029816224288794
1672,0.004290257684740249,0.20254754971641017
1673,0.0027913297310367905,0.20225716471693767
1674,-0.002338163735046536,0.20225504816725412
1675,-0.004161875555442693,0.2023026047784645
1676,-0.0017076435077557944,0.2022928327262372
1677,0.0020740526201705432,0.20145097303220916
1678,-0.00824563862377761,0.20079659557311585
1679,-0.0028829620552402535,0.2006852844037913
1680,-0.014113061394316645,0.20055492809547928
1681,0.01838354141084214,0.20007877249463882
1682,0.0009662933432001616,0.20007865665894342
1683,0.0090074689946936,0.20026785889854154
1684,0.01516118414582376,0.19939938871716897
1685,0.0006200396839506823,0.1986711183591924
1686,-0.0023085523801953584,0.19868328687164524
1687,0.0038692862743822487,0.1982533226850627
1688,-0.0019203584489108265,0.1949112122225981
1689,0.001883264519115978,0.19393535134878537
1690,-0.004055869497425158,0.1917546007698002
1691,0.001812926723048577,0.19149947424415265
1692,-0.004843822462022786,0.191501531446251
1693,0.003540373081712127,0.1912047250239742
1694,0.017595373498980934,0.19025367535072402
1695,0.005550224230221903,0.1893212423742172
1696,0.014221033566801142,0.1898075728226439
1697,-0.00422103609685294,0.18890055581335036
1698,-0.010679943831554135,0.18433388056229874
1699,-0.025825258537483922,0.1855145810578068
1700,-0.006916411124609103,0.1852747200479964
1701,-0.0013751729942476,0.18454335678066205
1702,0.003556618324835915,0.1774079182499075
1703,0.003699909178018443,0.1753894818693472
1704,-0.00018712277515038148,0.17170654789192238
1705,0.007001096807362931,0.17181441118671545
1706,0.0017457942601595995,0.17165396552816778
1707,0.0014586365465058344,0.1714617920799766
1708,0.005063969777628573,0.17150438701931697
1709,0.00682221150659847,0.17160476161781751
1710,0.001475915835525124,0.1711972934860166
1711,-0.0017933457374244533,0.16948290018796808
1712,0.006305013946791043,0.1687863226809648
1713,0.0047330472714133395,0.16877724627502663
1714,0.004325970660067094,0.16866171038186392
1715,-0.0010827144730209948,0.16792555414303906
1716,0.0006858918747926815,0.16786164005470877
1717,-0.0032410276123663977,0.16770853263756336
1718,0.0007720686339590799,0.1677008792646596
1719,-0.007346530524553434,0.16752620148501218
1720,0.01450773784231745,0.16555782021250817
1721,-0.005534641696753147,0.16567047274574673
1722,-0.0018677822391418662,0.16541087130393345
1723,-0.0015692191623562608,0.16540219239642676
1724,0.004976775806718812,0.1638411585770097
1725,0.004150505054301478,0.16385892023240478
1726,0.003954484438565441,0.16316332139853698
1727,0.005434255011170936,0.16292427106747023
1728,0.002711976543397786,0.16184310390563214
1729,9.46297231927052e-05,0.16178254164839673
1730,0.0018667282431526816,0.1617484534512593
1731,0.001863250060632162,0.16144193257817255
1732,0.003927297602149577,0.1614677592871976
1733,-0.004375105135214286,0.16154154254211914
1734,-0.021372460351062775,0.1629260392272567
1735,-0.001048155241071564,0.16291726335046872
1736,-0.014582857283149862,0.16355932944706902
1737,-0.00386030464579232,0.16356226842752628
1738,0.006218139416391681,0.16364070406442047
1739,0.001719028978047975,0.1629731940089894
1740,0.012697380323555505,0.1632745056865532
1741,0.00010827645699361722,0.16308360523389104
1742,-0.002335861298725099,0.16298792817095417
1743,0.01077875813296259,0.16318266266888806
1744,-0.004757564931312967,0.16292250931676802
1745,-0.0037936083599181317,0.16265894925065266
1746,-0.004254799790448513,0.16254297276356236
1747,-0.003884936686505548,0.16258876504607064
1748,7.275009260618739e-05,0.1625244737676082
1749,-0.0016746812768408787,0.16228654883100632
1750,0.0011774580129273655,0.16190276364656994
1751,-0.0009224082476649379,0.16189985843556168
1752,0.01639073161174393,0.16252908833097543
1753,-0.0004181339281472975,0.1622456269836232
1754,0.0016596900294431594,0.1613473840693182
1755,0.004095587387404537,0.16137536047257312
1756,0.0018280411256679536,0.1611757423863304
1757,0.022944243838707728,0.15303366619125594
1758,0.010996823337555627,0.15328536139755466
1759,-0.0006536676900682428,0.15173373024221948
1760,0.002886655951115906,0.1516922773450445
1761,0.035628803298106436,0.15402317527450646
1762,0.007269623272226072,0.15413739055904463
1763,0.004231798356833037,0.15403662004464927
1764,0.011500089978887984,0.15409168283949837
1765,0.004971221430356814,0.15409554304516657
1766,-0.004874113828684749,0.15405027563101764
1767,0.007703774503858404,0.15367273885307645
1768,-0.002282389706502582,0.15370288269092997
1769,-0.0036432550340396675,0.15319661749953703
1770,0.00195758540620744,0.1527278225126816
1771,0.001739293602692839,0.15268127219851263
1772,0.005199868380616847,0.15266866538892032
1773,0.006297607029412992,0.1526039791753459
1774,-0.02510574683161457,0.1540611898008294
1775,0.01148207081875412,0.15441325302657105
1776,0.004044548895568849,0.1541100662252866
1777,0.008369472131685807,0.15379323110787135
1778,0.007362487009039657,0.15365859925759395
1779,0.0064503631675052,0.15228899636988763
1780,0.015152231696641262,0.1528157309167674
1781,0.001988648885641693,0.15279322200203796
1782,0.004529274751249734,0.15246308500268144
1783,-0.011356635610238135,0.15294292641548615
1784,0.002163802670771671,0.15291270249561403
1785,0.008905841523055718,0.15298374609616616
1786,0.008247992052522116,0.15265188796728757
1787,-0.007254194290766092,0.15260553198240295
1788,0.004464858150961909,0.15263583656546842
1789,0.0025147986185284944,0.1519115239145006
1790,-0.03474305716165105,0.1561026492707503
1791,-0.0073227811860945005,0.15572219260419679
1792,0.011074310018770092,0.15602160788371705
1793,-0.0027728926607376134,0.1560653380967419
1794,-0.008927369917566673,0.1563878734112547
1795,-0.0026884691885743638,0.15588457840215963
1796,0.018544100202649107,0.15435869173511585
1797,-0.00706500842259779,0.1545761157092939
1798,0.009235288165954373,0.15477012549112298
1799,-0.0024627569941517258,0.15481246497075776
1800,0.00884188230793016,0.15491635173672347
1801,-0.01389071240819583,0.15040894233048072
1802,-0.026539121423785367,0.1525302467532965
1803,0.01409149780487693,0.15220728308464113
1804,-0.024432423098802006,0.15429028020321914
1805,-0.00992058396707802,0.1543291960875853
1806,-0.011098710326763133,0.15453395298214387
1807,0.01437269316458151,0.15494516659171
1808,-0.005521373390800047,0.15505639556250303
1809,0.013039307303513544,0.15545305016078173
1810,0.011053502369541815,0.15517879258382236
1811,0.0013879672241931624,0.15469287648134544
1812,0.014664698506273121,0.15514854518906082
1813,0.0035219218077884853,0.15504412524967215
1814,0.009279437283246445,0.15519705784887927
1815,-0.0026919400111163165,0.15522137462854582
1816,0.012487045812384202,0.1545839057552611
1817,0.00567064396433728,0.15461805718805002
1818,-0.002826133311936967,0.15459742606577007
1819,0.0049147826552978086,0.15457843284048128
1820,0.0075976364179999225,0.1546512808394864
1821,-0.03070090982498896,0.15780811038224152
1822,-0.003055071114674091,0.15783494571560389
1823,-0.014570674637870309,0.1585590824284209
1824,0.007933420202504336,0.15864646476563282
1825,-0.011784166354917545,0.15640516226736834
1826,0.0003546034292082109,0.15633895717669305
1827,-0.000472810307896916,0.1563131067060026
1828,-0.007270631215102311,0.1565053833884409
1829,0.004655414128348042,0.1565308007463318
1830,0.0015075089482172739,0.1559942192843615
1831,-0.002769182117332439,0.15602731944913556
1832,-0.004206066671232379,0.15608288211573432
1833,-0.017113899586721614,0.15709004359577142
1834,0.007850180002402953,0.15725789563971074
1835,0.009014429662702285,0.15745887158123278
1836,-0.00048784699374543664,0.15745435394564647
1837,0.005126663061147931,0.1573394396478035
1838,-0.017389517254528794,0.15834856034165098
1839,-0.0003403474973664509,0.15830769686525023
1840,-0.004413085796313024,0.15835355280983388
1841,0.019691060495754836,0.15942121275620957
1842,0.002495017196007447,0.15942905563927423
1843,-0.006189526664100853,0.15953180795628918
1844,-0.005867752397417607,0.15966443642746297
1845,-0.002273616310046559,0.15969114430075182
1846,0.00815216775440654,0.15984322812705853
1847,0.008947283213640578,0.1599861170572793
1848,0.010444752103848317,0.1602421149479237
1849,-0.0021207678485835294,0.16026209808344233
1850,-0.009529563446230358,0.16057033265763046
1851,-0.0006895736824727152,0.1602379844271584
1852,0.008735100779636967,0.16043947152314178
1853,-0.01014802334312137,0.1606471660585867
1854,0.0027808217796723984,0.1592551526130781
1855,0.003213059166395457,0.1588589631369734
1856,0.0032348835435448446,0.1583428990507923
1857,-0.010730177068265297,0.15873721682612973
1858,-0.005223819288444025,0.1584416558776316
1859,-0.005764748582796568,0.15851155960828328
1860,0.007415061122603219,0.1585790455730692
1861,0.010542961188786858,0.15874146041649892
1862,0.000933456059866791,0.1586466632123468
1863,-0.004212821966111874,0.1581565819749265
1864,-0.008175290734322467,0.1583996411425689
1865,0.00421492754128763,0.15752958969792144
1866,0.02100273019766579,0.1584805197181603
1867,0.0052904415670434165,0.1585239711099442
1868,0.010070225229166282,0.15852608451165617
1869,-0.00610755512854431,0.1586642418643811
1870,0.004730323938472752,0.15856013374520275
1871,-0.006399687815113305,0.1586706232384051
1872,0.01902601973877873,0.1597109588979738
1873,0.009164435775519187,0.15992499044421288
1874,-0.0019326399478371272,0.15991811629059327
1875,-0.004513778749223487,0.15947578527862777
1876,0.016974206971974534,0.1602236929249919
1877,-0.0014364448903971892,0.160212922273773
1878,0.0018710161064463065,0.1598295800938983
1879,0.0023414558032898874,0.15983474081100932
1880,0.00018142809737901395,0.15983422169056516
1881,0.0006347689650936192,0.15875490811735268
1882,-0.008456182569956457,0.15887508955731083
1883,0.0038019967775515836,0.15876927177309522
1884,-0.020188250875758314,0.16014180965182082
1885,0.002155727280848051,0.1593120799051529
1886,0.0028706044366023273,0.15915240880925166
1887,-0.0007914312055223484,0.15874487658150896
1888,0.04691021520890251,0.16521520352702873
1889,-0.002121446689523456,0.16524165906243876
1890,-0.00046217087485246654,0.1645893467929271
1891,0.00867721167679869,0.16475156757346862
1892,7.796478124279844e-05,0.16349231350424195
1893,0.006705392523016032,0.16329375550072361
1894,-0.006393356328934462,0.1634650703358064
1895,0.007216254924930185,0.16158554681960327
1896,0.006289894470987611,0.1614140884297297
1897,-0.008295083615229688,0.16150403035298191
1898,-0.0030981597119804317,0.158636977999496
1899,-0.002259153234172087,0.1581825388936992
1900,0.00024369440841929649,0.1561333042728544
1901,-0.004973386772036535,0.15358079266390345
1902,0.011288685876509443,0.1537684250084592
1903,-0.013072947134185914,0.15423741312672132
1904,-0.0006969643897482159,0.15350543905639677
1905,0.01569540765546577,0.15385802506531895
1906,0.0014199534224703441,0.15383956033735485
1907,0.004478569846693542,0.1534979089402713
1908,0.012984569011764925,0.153945948329972
1909,-0.0064711515359844865,0.1539663241490748
1910,-0.024891753743811633,0.15615017499261402
1911,-0.00024472975263255796,0.15512353973653165
1912,-0.011065382540770597,0.15491682035888693
1913,-0.011439495668979963,0.15541384088587193
1914,0.0064576869588533715,0.15479979284386236
1915,0.01307632634693124,0.15515991302031892
1916,0.012248225533275576,0.15486508861811932
1917,0.005918831479766542,0.1548368314128574
1918,0.003897632103870638,0.1540994484775267
1919,-0.0005956975292223878,0.15410468159594745
1920,0.00012493933693934786,0.15392251827737927
1921,0.008173270140481576,0.15408661310008812
1922,0.014233555570587433,0.1546460510073064
1923,0.012095503402090433,0.1547039489318989
1924,-0.006015383292681313,0.1548422219428705
1925,-0.005366207383303025,0.15497210527851726
1926,-0.0012402129085793377,0.15495116040789228
1927,-0.0033054862351344972,0.15492400894071573
1928,-0.0031934165663912487,0.15495874809343302
1929,-0.00699870864818039,0.15517017414903087
1930,-0.0011728002585145707,0.15490259225705413
1931,-0.0016614544175446418,0.15487550119427593
1932,0.017619074504811677,0.15498618689753907
1933,0.016279887335771178,0.1547672031920327
1934,0.0036148134164454113,0.15478465740429376
1935,0.014465882328639835,0.15515405750803996
1936,0.00426401617325703,0.1545582871543329
1937,-0.0006144325288674646,0.1545683346952748
1938,-0.0033048828862440476,0.15459459484499435
1939,0.0026357476037355203,0.154578527652756
1940,0.01502868761719763,0.15515824314189544
1941,-0.00044562883024040886,0.1551671090115328
1942,0.009069404721150098,0.15526713397766553
1943,-0.001936484846783829,0.15530128968276327
1944,0.006809862538799231,0.15527266981864593
1945,0.015959776122233992,0.1559409150784966
1946,0.012176634741843705,0.15547057369611914
1947,-0.004909577634686953,0.15554301357177128
1948,0.0052514288269983975,0.15505698253902633
1949,0.004662823022287193,0.15499177259297486
1950,-0.00022115148266539287,0.15452745885184985
1951,-0.010165665286132015,0.15253676962821472
1952,0.005356474899348163,0.1523524909295225
1953,-0.0019164548767771586,0.15236379431480587
1954,-0.04896567482495724,0.1604953365406935
1955,-0.051771465494058526,0.16902674167734463
1956,0.023217600400262054,0.17046299522773797
1957,-0.03007959425483361,0.17320412930534035
1958,-0.04591796002419532,0.17945441761353215
1959,0.03556497823521188,0.18278074651490928
1960,0.013552178207494539,0.18316758577493672
1961,0.00015212163896278455,0.18307684954084924
1962,0.0165900455021265,0.18373958202913682
1963,0.018359061112560648,0.18452963756559998
1964,0.004834492306147062,0.18449411069527377
1965,0.006972268184694938,0.1845516338258648
1966,0.008022452722927639,0.18465277928446974
1967,-0.004247098149547042,0.18471830261492364
1968,0.01805355120341484,0.18549050132263098
1969,0.014939420704684582,0.18594323119205308
1970,-0.02251156986522173,0.18745855181643387
1971,-0.012199824624862333,0.18774296183541742
1972,-0.032390974724802526,0.19023832284397743
1973,0.008750613191358775,0.19028343921490778
1974,0.011070011387601993,0.19052477519130415
1975,0.0037786171945038147,0.1905249139744414
1976,0.013226441747136023,0.19087128346615906
1977,0.014635877804190593,0.19132461479155058
1978,0.029782991184408535,0.19343181546376131
1979,0.0038372894403515987,0.19340403158309782
1980,-0.0228700622506183,0.19490009766288213
1981,0.009896608957571502,0.19509171410995882
1982,7.826295167968554e-05,0.1950939434847803
1983,-0.012121021617519415,0.1955476828730095
1984,-0.03212911743151872,0.19833884063860246
1985,-0.0019203248535417687,0.19828707728817377
1986,-0.006241441547454837,0.1971453790224716
1987,-0.03907116687836947,0.20118328519924347
1988,-0.02657288121613874,0.20246479220285396
1989,0.030501939981708595,0.20456151330182754
1990,-0.046755591267721365,0.20999698652285365
1991,-0.0005373824626858297,0.2099993033147133
1992,0.026745563071448562,0.2112643663325449
1993,-0.02484606519849592,0.21282119505397665
1994,0.006871724559519168,0.21288598561932653
1995,0.011508348121319054,0.21292158707131104
1996,0.0026011791901855348,0.212855994820414
1997,-0.020415069403924447,0.21386477996297626
1998,0.008316562766700305,0.21393826777887268
1999,0.015817907717769066,0.21441087815545562
2000,-0.0113765968654414,0.21476002432851346
2001,0.012219554054579324,0.21504574523675793
2002,-0.0031429081860074198,0.21508350982555272
2003,0.008426664931837592,0.21520795542348337
2004,0.03426249496781546,0.21723054327202507
2005,-0.0019383467468335673,0.21724574974522842
2006,0.014464684380358453,0.21766276570769322
2007,-0.013644182120800702,0.21813463789919574
2008,-0.005148567235273964,0.2182184288500252
2009,-0.04548958105982722,0.22198701251417158
2010,0.0011758148838199546,0.2217451817159776
2011,0.018300396914275475,0.2224443862525068
2012,-0.009651819127510753,0.22267392903106628
2013,-0.012425827403995468,0.22026761187545804
2014,0.019449315780503216,0.22098122715050036
2015,-0.01254332428960947,0.22133388687850805
2016,-0.0006445330116535936,0.22105771856210224
2017,0.02364088689981918,0.22223113080666446
2018,0.006257821657780232,0.22224129059676953
2019,-0.0008346422161728727,0.22212787389882663
2020,0.02700625630809533,0.2236878958140709
2021,0.013585250006905638,0.22402344143114405
2022,0.0006285222777212809,0.22401967065887182
2023,0.0017648185893064387,0.22401979588139037
2024,-0.01924413155938998,0.2248542278610458
2025,0.00235080163789439,0.2247877527381836
2026,-0.0029440059225748485,0.2233365751052842
2027,-0.011403635342813447,0.22339295754750563
2028,0.012321070118774995,0.22367638332234763
2029,-0.00916577436704232,0.22375020875263785
2030,0.009267646764048346,0.22381693006951922
2031,-0.0004168277997853948,0.22373936174067133
2032,-0.0033226221668135273,0.22328576134496464
2033,-0.014363759854404346,0.22376811385757944
2034,0.007029804542934232,0.22382899529946587
2035,0.015970258170722416,0.22406120096362636
2036,0.03131139591325919,0.22616894718448444
2037,0.01752313853917865,0.2266510356420295
2038,0.00032470654590857937,0.22652161008984317
2039,-0.002442329442288949,0.22640552124677843
2040,-0.011518497492609895,0.2266958096819698
2041,-0.002664010188269828,0.22670966395341738
2042,0.008103609259342807,0.22405207160589427
2043,0.008222771532037888,0.22403325844373714
2044,-0.003983899654132438,0.22384259588461206
2045,0.015156073019730671,0.22428162535253163
2046,0.00012152075601119225,0.22407157311534284
2047,0.01823137649404797,0.2247203762239975
2048,-0.0046123129648636485,0.22408522880233753
2049,0.0015226547969173128,0.22394753749639792
2050,-0.0104662025208958,0.22407113683259003
2051,-0.0018849309875551166,0.22406357617289957
2052,-0.026901639791769755,0.2256128049540376
2053,-0.005661480699764434,0.2252317011425916
2054,-0.01303089062518892,0.22399693670229487
2055,0.009232768882517534,0.22375769583862842
2056,0.001282633695471759,0.2223341394491416
2057,0.010530064245452978,0.2222869875719308
2058,-0.022033259571629573,0.2231446756594645
2059,0.019199933052981722,0.2234911342650795
2060,0.014043458749153892,0.22378893852662698
2061,0.012100124476330016,0.22373979445041628
2062,-0.0010491034276608766,0.2235158969402435
2063,0.0009190962823881738,0.22351527152052209
2064,0.025311703883977375,0.22442739821469904
2065,0.004501939202908151,0.22444104167195042
2066,-0.004180899547529517,0.22434021291318715
2067,0.012540823777707653,0.22461585259420588
2068,-0.0024387771071142533,0.22433915198126256
2069,-0.007486936424109489,0.2244410938463195
2070,-0.0017285327734853882,0.22442598629163352
2071,0.017227567609219924,0.22498959504857904
2072,0.03471191656361731,0.22742656520080565
2073,0.012437551804765539,0.22548046042677247
2074,0.003657152822433168,0.22545530467725683
2075,-0.0238000698826276,0.22628903674665654
2076,-0.01526325686685508,0.2267761633640094
2077,-0.0020352735790532327,0.22643250252864297
2078,0.0022566241281689868,0.22643449133317425
2079,0.005020135076675536,0.22646345257669592
2080,-0.001992002662848205,0.22632915295358763
2081,0.0008658915526849597,0.22630138319668577
2082,0.01414699053901645,0.22667682452637664
2083,0.002725279587539367,0.22664800238438265
2084,0.0027979150532862615,0.22658931916448313
2085,-0.009241184496813172,0.2260866514582205
2086,-0.002103012968828327,0.22601322164498058
2087,0.005724400935644024,0.22592283772714122
2088,-0.02256981364316356,0.22716223537585056
2089,-0.006518353280267283,0.22725304782055128
2090,-0.004594104831966569,0.22657010807944894
2091,0.005654496102699618,0.22661124032964894
2092,-0.005105058390996366,0.22662926040992581
2093,0.004740631237467836,0.22589104622131964
2094,-0.001616399365096173,0.22590220913811873
2095,0.012588649336953906,0.22607908862199552
2096,0.017194478575954592,0.22653959786189978
2097,-0.008629290561844876,0.22672674613947869
2098,0.014634722251973714,0.22701929152130634
2099,-0.008181987455365358,0.2270792767841442
2100,-0.017035344100905736,0.22761098195152052
2101,-0.017547675545502815,0.22834709893823502
2102,-0.008827502980850346,0.22831576511462673
2103,-0.012757212695484516,0.2287225530926495
2104,-0.005658595050131326,0.22868201439857255
2105,-0.0001630765820427779,0.22841693246490102
2106,0.010862591866025067,0.22862634606977716
2107,-0.012426588155113891,0.22900483866052593
2108,0.010700878814141298,0.2292036081619887
2109,-0.002385089694620496,0.22892996237304483
2110,-0.014154767802075197,0.22934523028596557
2111,0.00446208731242781,0.2292746327095173
2112,0.008463758408157922,0.22930673768825363
2113,0.013384675602959396,0.22944366307461375
2114,-0.01766334286297904,0.23019832117933772
2115,0.006223703436144475,0.2302027567354961
2116,0.009567446377102518,0.23018203100222873
2117,-0.0035177945198740083,0.23020345385581037
2118,0.011915299273336885,0.2295879790329801
2119,-0.0009798912951923537,0.2295541030408254
2120,0.0015406092991748273,0.2293706790653689
2121,0.0040075914336927185,0.22928460584578764
2122,0.0023636258751860185,0.22925726707658678
2123,-0.029321340731923096,0.23112869423186244
2124,-0.009322603692965769,0.2306239353243763
2125,-0.007267024585748741,0.2306038782583357
2126,-0.008873272428827936,0.23078586437401868
2127,-0.05190258480361506,0.23663303901187935
2128,-0.001758843217720737,0.23605811694802564
2129,0.028100881987444527,0.2376766370911125
2130,-0.01619225631305595,0.23825489777792708
2131,0.02623112689967075,0.23964486219882192
2132,-0.004997921037204739,0.23970743513031917
2133,-0.02515944684283894,0.2410730855179282
2134,0.007773225064193929,0.24102327401115423
2135,0.004277427559712331,0.24103042547105175
2136,0.0022948573725843674,0.24014653903521127
2137,-0.04919296885143564,0.2452310393318494
2138,0.04180863747208518,0.24870514647220515
2139,-0.022243216145713837,0.2497373454471382
2140,-0.04915043808195247,0.2502442165434593
2141,0.015688716102908926,0.25072572543812643
2142,0.0383960494059764,0.25363660783516107
2143,-0.006307189293579414,0.25357807544338623
2144,-0.011476785582344407,0.2538453361126171
2145,-0.016874647710366588,0.2543261615360222
2146,0.015001085553498363,0.2546833567830004
2147,0.034974674637344175,0.2569630430951392
2148,-0.010102155324556225,0.25709736280021606
2149,-0.015126768746380607,0.25741347932731135
2150,-0.026151509438508174,0.25873284141402847
2151,-0.0024870893465331117,0.25873497585365446
2152,0.007318345981900214,0.25883727906918985
2153,0.01996862648383896,0.25955031951519364
2154,-0.0030288529168101476,0.2593291585427213
2155,-0.03987094476871742,0.2620669894879474
2156,0.005631183709499532,0.262126403290667
2157,0.011486166136966802,0.261907528056378
2158,-0.013320640008936728,0.2622425658860521
2159,0.023875672122306978,0.2632938634632918
2160,-0.004022844029227137,0.2630028940615785
2161,0.039260801821087314,0.26584036986782095
2162,0.0019039236963513647,0.2646545727747474
2163,0.0056168383876646025,0.26470846074954607
2164,0.010904935641993765,0.2646753086092964
2165,-0.05156790439658198,0.2694701596701717
2166,0.016900248552336888,0.26991551713016315
2167,-0.030544218634843367,0.271354230765803
2168,0.0028611840482413225,0.27109351651879815
2169,0.011667469145454114,0.27127971114347676
2170,0.0112792010834903,0.27148501229201877
2171,-0.0016748655433228192,0.27148987429867005
2172,-0.018821894042835734,0.2721471247327523
2173,-0.02484298977171334,0.27315317224499996
2174,0.011910656989023334,0.27304043122306426
2175,-0.005556280335281488,0.27281711385867113
2176,-0.013383296865828842,0.2730740404191642
2177,-0.030038202731085432,0.274649593653021
2178,-0.003395110111317525,0.2746652030736225
2179,0.06276864785797104,0.28180376020195347
2180,0.004243235097542388,0.28181934528677055
2181,-0.006535515657785962,0.28180825711781926
2182,-0.0014184188550123071,0.28180934950771236
2183,0.009839318367613276,0.28197785565584765
2184,-0.02889752840762239,0.2828947172390486
2185,0.052389542836034246,0.28727559937828223
2186,-0.002169086939020393,0.287259878175026
2187,0.007357821421094263,0.2869866674250998
2188,-0.001506313759437817,0.286956691755805
2189,-0.00403739309001025,0.2869830579061201
2190,-0.01235258208421528,0.2872260389387843
2191,-0.011894254733314841,0.2874511231146258
2192,0.030598552309860617,0.2886995740279451
2193,0.0035400728394937987,0.2887231655827981
2194,0.00822721157068541,0.28869740183281767
2195,0.007641147399059011,0.28879676282855615
2196,-0.02558258791849196,0.28983202286646453
2197,0.004706172994151098,0.2894186608572082
2198,-0.0015537991777324653,0.2891506546479934
2199,0.015788627509615173,0.28956277250611423
2200,-0.019352160824429875,0.2901374825393777
2201,-0.008879732836182597,0.29021835946706875
2202,0.026461354947477055,0.29145965379884126
2203,0.024767352724347175,0.29236494344149194
2204,-0.005046882917429335,0.2923527903916782
2205,0.019657024379086143,0.29302128754595286
2206,0.011576396311939062,0.28911739331305475
2207,-0.027208239791825555,0.2857145907537383
2208,-0.014923914880370811,0.2851772789778626
2209,-0.003327518686537742,0.2835884625643033
2210,-4.570538698012429e-05,0.2797879948974152
2211,0.023787642837619943,0.2785450481352034
2212,-0.0010795850172550631,0.2782306588628079
2213,0.001347122820034082,0.27823280587221194
2214,-0.007175754853477896,0.27784661212130934
2215,0.004399265961811881,0.27727869540809963
2216,-0.004264560360958935,0.27727215104675923
2217,-0.015225828995122068,0.27760560006363155
2218,0.012141481439515963,0.2777559219240641
2219,-0.0008739383390474245,0.2777246611410302
2220,0.00515164425549244,0.2771822453980482
2221,0.0008247151999214777,0.27677543414048433
2222,0.003461583745226383,0.2758808940276114
2223,0.018639004362367994,0.276234481389212
2224,0.005950811547167749,0.27435736395681154
2225,0.01232139122622793,0.27449124901662525
2226,-0.003595039821784091,0.2743049449056295
2227,-0.012654600362753647,0.2745839865015691
2228,-0.0008576255564948002,0.2742727037201256
2229,0.02885352065374534,0.2753946305943156
2230,0.014723977070985704,0.2741780199423198
2231,0.00010056065340322313,0.2741525065812034
2232,-0.006532449983941886,0.2732637374658022
2233,-0.000919901664779109,0.2730908928549635
2234,-0.0001688262039607915,0.27309104157170094
2235,0.012244628553321223,0.27308168207275396
2236,0.020736906345993688,0.27190995966596565
2237,0.006165800140760847,0.2719601822902589
2238,-0.021371031794123235,0.2727539680695038
2239,-0.01042327552330961,0.2700834880524985
2240,-0.007049099282188733,0.2688206260087348
2241,-0.009840406959218872,0.26733647430311697
2242,-0.003869328452585783,0.2631442237304356
2243,0.004116556243827246,0.2631652221435044
2244,0.017840264685310525,0.2624271415250591
2245,0.0050606691010646595,0.2612192301194513
2246,0.004512999147699555,0.2611739204526566
2247,0.007501279192824029,0.2610379848119603
2248,-0.006481847454946595,0.261128679023898
2249,-0.002745809890047559,0.2602948971901409
2250,-0.005489159206935875,0.26025587492812946
2251,0.004092706777176855,0.2598337425897647
2252,0.002044193342959801,0.2595587612644613
2253,0.010939266777044283,0.2595046692913463
2254,0.0026486450646662487,0.2594841927627926
2255,0.004926041458897252,0.25940284403766867
2256,0.0074772609519799926,0.2572940768893734
2257,2.4288331810141404e-05,0.2572824441314595
2258,0.010035430285249477,0.25708026051493543
2259,0.012501273185420892,0.25696061019262534
2260,-0.0067842983697798025,0.2570028844823332
2261,0.005913967618639562,0.25284560482082935
2262,0.0068859711225533445,0.2529174721630708
2263,0.012032446587893451,0.25256125057404294
2264,-0.08008929046116167,0.26501616948123957
